path	source_area	integration	target_sha256
androidApp/build.gradle.kts	build	merged	d84909526ca106ffd11f9d1034a87adf291de1c98becd8dd655f3adcdf04d0df
androidApp/src/androidTest/kotlin/com/nuvio/android/LibraryTrackingUiTest.kt	official	upstream	877605c234134f76341a96fd5cd4e57259fa5cb3cd16084f411dde43f3924eea
androidApp/src/androidTest/kotlin/com/nuvio/android/MdbListLiveTest.kt	official	upstream	61472ab185c55282d32b605e1155729d80b0fca4e734509e48e6fbfa5e3a08bd
androidApp/src/androidTest/kotlin/com/nuvio/android/MdbListSettingsUiTest.kt	official	upstream	076dbd2eeb4fff8fd0986a03882b61e9c2623b5484c861f802a0105bd48b72d3
androidApp/src/main/AndroidManifest.xml	official	upstream	d1910e039a113a26b9ec4c67b5cd2e97feab27999120cd49074a2382748a930d
assets/animations/loading/reference.json	official	upstream	4b16cedbc81c6e218b424a597cbd820e1df12de3962dc0ca58c00a33e75275bf
composeApp/build.gradle.kts	build	merged	6ad81dcb2c3e73839f86579247d1f5ec023571d74fe0769d67a567d5a238f216
composeApp/libs/lib-nuvio-engine-android-0.1.1.aar	build	upstream	removed
composeApp/libs/lib-nuvio-engine-android-0.1.2.aar	build	upstream	7cb7feed4068818060166f180532a1d86fb28f4ebf16558690c5ee0717086e40
composeApp/src/androidFullHostTest/kotlin/com/nuvio/app/features/plugins/runtime/BinaryFetchTest.kt	official	upstream	d53d53d4ad516d80a1ebb940d94e71fa8f7feb4e0b43bb671e8cb1aebd56a2a6
composeApp/src/androidHostTest/kotlin/com/nuvio/app/StreamOrientationTest.kt	official	upstream	8b78a6c3277c99ae85d5c8c6965b3c2195790534f5519378385f5dfe9c580a78
composeApp/src/androidHostTest/kotlin/com/nuvio/app/core/format/ReleaseDateDisplayTest.kt	official	upstream	96aafaf9a6626b903ad8c0b38b18433dd2187dfdd0034521e2e2cea4020f9a2b
composeApp/src/androidHostTest/kotlin/com/nuvio/app/core/ui/LoadingIndicatorTest.kt	official	upstream	85e24b0ac01b6708ce2a6fdfbbc874b0ff4c32829cf86f71ad073cc1fd79fe34
composeApp/src/androidHostTest/kotlin/com/nuvio/app/features/details/MetaDetailsPosterNavigationTest.kt	official	upstream	d6d6dacc0e06471516cfb77bafb2df27c4f03280749cf825713dd748393518ac
composeApp/src/androidHostTest/kotlin/com/nuvio/app/features/details/RatingsSettingsTest.kt	official	upstream	4a9feef5f857c85e5fa8fb5f5be213b84e467d7662cce43cefb3e8f32380151a
composeApp/src/androidHostTest/kotlin/com/nuvio/app/features/details/RatingsVisibilityTest.kt	official	upstream	e733f66814db82dc405e43151eb84a62e8d8fdf5c9a54285b40f04ac45e31a91
composeApp/src/androidHostTest/kotlin/com/nuvio/app/features/home/HomeHeroPagerTest.kt	official	upstream	af536592d70caefe89c1b4b78065ba37465e3577f361354ad5d8d80fef6af596
composeApp/src/androidHostTest/kotlin/com/nuvio/app/features/mdblist/MdbListSettingsRepositoryTest.kt	official	upstream	56237d2a37c47536650ab5dccfba8003cb73354705d19287687b454419268f27
composeApp/src/androidHostTest/kotlin/com/nuvio/app/features/player/ExternalPlaybackProgressTest.kt	official	upstream	88a2dd25092f3eef1f4cba1422d294da54f6d2029fc21c880e807139c019bc2d
composeApp/src/androidHostTest/kotlin/com/nuvio/app/features/player/PlayerAutoPlayTest.kt	official	upstream	30344324a1f81109cf3eb0cedb6624ba1a54c854d5f97d76b16a04d2809f5d92
composeApp/src/androidHostTest/kotlin/com/nuvio/app/features/player/PlayerBrightnessTest.kt	official	upstream	fdbe564ee2220114b28b73f031aacc8df50e4665236029b2e967f3ca59381390
composeApp/src/androidHostTest/kotlin/com/nuvio/app/features/player/PlayerGestureOverlayTest.kt	official	upstream	a6af76aa7ef21a20a31cef68370d64bf50668660ebf6f1915bfcec1cf1ccd83f
composeApp/src/androidHostTest/kotlin/com/nuvio/app/features/player/PlayerNextEpisodeTransitionTest.kt	official	upstream	220cd71c8be661c2bff64afd0e281f2b62b09b365c4a1668b34959e506722664
composeApp/src/androidHostTest/kotlin/com/nuvio/app/features/player/PlayerSubtitleRestoreTest.kt	official	upstream	5615794f77f009bf577df7e7b8ecd816ad65b32c957c90c90ebed9cfb2badaa3
composeApp/src/androidHostTest/kotlin/com/nuvio/app/features/shuffle/EpisodeShuffleSheetTest.kt	official	upstream	fbf93c01fffe078a60969a60e2edcdf23a7b7dceeb08185457dba65db6bef78b
composeApp/src/androidHostTest/kotlin/com/nuvio/app/features/shuffle/EpisodeShuffleStorageTest.kt	official	upstream	17b72e44f4addce60b959f494abfed7ea5b9eb2000d0432462c908d56ecbaee0
composeApp/src/androidHostTest/kotlin/com/nuvio/app/features/streams/ProviderFilterRowTest.kt	official	upstream	f3f43383773034ed2842dcab6c5fe6f5032e97b6e9a4c386f06e0ea1b41ee6d4
composeApp/src/androidMain/kotlin/com/nuvio/app/MainActivity.kt	enhanced	upstream	6779c2d848734e9fcc2ca96f78422776135a2cb784b26afbed550ec752319cad
composeApp/src/androidMain/kotlin/com/nuvio/app/NuvioApplication.kt	official	upstream	8c848bd49ee31b6ff6fe4463af0aa4bf958b0e6f925ed7d3c29bd0193f02143b
composeApp/src/androidMain/kotlin/com/nuvio/app/core/format/LocalDateTimeDisplay.android.kt	official	upstream	7a7d2ffa9be5ed1b4dc4de6490cece6c7dfb0122ecc6eb232a62216966b876aa
composeApp/src/androidMain/kotlin/com/nuvio/app/core/format/ReleaseDateDisplay.android.kt	official	upstream	7c60cd19c9f99914dd39c99b28d1074dc7c458c0590388c2cb3e20958b4fb250
composeApp/src/androidMain/kotlin/com/nuvio/app/core/poster/CustomPosterUrlStorage.android.kt	official	upstream	12bf576a4721a4c5e72b22567c5006ce9f8b89087a01589a3aeddcf298654fe0
composeApp/src/androidMain/kotlin/com/nuvio/app/core/storage/PlatformLocalAccountDataCleaner.android.kt	enhanced	upstream	134be8fb7c340088c1397ad1921e504bea62a6109ee0945282dd8d980c9c4227
composeApp/src/androidMain/kotlin/com/nuvio/app/core/ui/FloatingNavigationBar.android.kt	enhanced	upstream	4ea559773f03fa8866b3f747dc7c0c960a80c75011326a80a3e33fe07b8a5f2d
composeApp/src/androidMain/kotlin/com/nuvio/app/core/ui/NativeTabBridge.android.kt	enhanced	upstream	f5f781d681b523051847f65bd0ec2cf5889bbc83bbd90d15700a82bab0041e9f
composeApp/src/androidMain/kotlin/com/nuvio/app/core/ui/PlatformImageLoader.android.kt	official	upstream	932650dc97cb3a52eac5f56026adf48eb2620e9a9c545b1a9d444087441947c0
composeApp/src/androidMain/kotlin/com/nuvio/app/core/ui/glass/GlassBarSurface.android.kt	enhanced	upstream	c00b13d6e6548e61a4e3b31067c89fab5c14ac9802032612920055294636d92b
composeApp/src/androidMain/kotlin/com/nuvio/app/core/ui/glass/GlassBarSurface.kt	enhanced	upstream	removed
composeApp/src/androidMain/kotlin/com/nuvio/app/core/ui/jelly/JellyDrawing.kt	enhanced	upstream	removed
composeApp/src/androidMain/kotlin/com/nuvio/app/core/ui/jelly/JellyMotion.kt	enhanced	upstream	removed
composeApp/src/androidMain/kotlin/com/nuvio/app/core/ui/jelly/JellySpring.kt	enhanced	upstream	removed
composeApp/src/androidMain/kotlin/com/nuvio/app/core/ui/jelly/JellyTabs.kt	enhanced	upstream	removed
composeApp/src/androidMain/kotlin/com/nuvio/app/features/addons/AddonPlatform.android.kt	official	upstream	0099a9a9c40e699708c6fb2bdc3b1d64b04631bc2269f45f9cc52b078e134c0e
composeApp/src/androidMain/kotlin/com/nuvio/app/features/downloads/DownloadsSettingsStorage.android.kt	enhanced	upstream	b91c93626ec713fb9d49831a7d42dddb8518c49c5071423deac87831bc4ba036
composeApp/src/androidMain/kotlin/com/nuvio/app/features/library/LibraryReleaseScheduleStorage.android.kt	enhanced	upstream	a4fe13da7cc481ce0b222a8f27543840eea5cda42973788296a4988dc48bcfe8
composeApp/src/androidMain/kotlin/com/nuvio/app/features/mdblist/MdbListAuthPersistence.android.kt	official	upstream	7f93af2c9787967a8f2dc92e274e325c7deb611502a6752655929a87879bd693
composeApp/src/androidMain/kotlin/com/nuvio/app/features/mdblist/MdbListHttpPlatform.android.kt	official	upstream	dbf76d3281e6313f131de78e84995c838d65eba339be513ef25cea4de0d08d4d
composeApp/src/androidMain/kotlin/com/nuvio/app/features/mdblist/MdbListSyncStorage.android.kt	official	upstream	b9e77d32c5fa453289eef4e7c55e1cd056a01ef52bd4748bfc9a02c3726b6b75
composeApp/src/androidMain/kotlin/com/nuvio/app/features/player/ExternalPlayerActivityContract.kt	official	upstream	0a6537fd0adcb68e343deb9163c6560f341a6c9c99e225233af579e7a4d2cfd7
composeApp/src/androidMain/kotlin/com/nuvio/app/features/player/PlayerEngine.android.kt	enhanced	upstream	261b28c0c6b6cbdac995296423eb70d2e991300d1de2e86044dcb2b168c8cd6d
composeApp/src/androidMain/kotlin/com/nuvio/app/features/player/PlayerPlatformEffects.android.kt	official	upstream	22bebd0888b4731c96e2f795c6cc2d24d8da567d9ee38878dd2b89103bb9681f
composeApp/src/androidMain/kotlin/com/nuvio/app/features/player/PlayerSettingsStorage.android.kt	enhanced	upstream	cc942432bc0a6ac1576e01141303dc50fe899c865b81ec5a3001310a8d857408
composeApp/src/androidMain/kotlin/com/nuvio/app/features/ratings/UserRatingsStorage.android.kt	enhanced	upstream	c3da3590bc753d028d8cb4779a60ca075a4c7f8c673a79eccffc933f8e1bd1a3
composeApp/src/androidMain/kotlin/com/nuvio/app/features/settings/ProfileTitleFactsStorage.android.kt	enhanced	upstream	9992690a370b1d6a33eae5fde961d366c2c27b4953fdf7d29326601b20ca7250
composeApp/src/androidMain/kotlin/com/nuvio/app/features/settings/ThemeSettingsStorage.android.kt	enhanced	upstream	6e6d4ca8d3553262111d59726b08e6e647c47839e7b35fa0915856614ee5b62a
composeApp/src/androidMain/kotlin/com/nuvio/app/features/shuffle/EpisodeShuffleStorage.android.kt	official	upstream	a2d77bf96230b188bb1fec997977954eb2fb9d9daa3ffaa9a789550fb9b2c4c3
composeApp/src/androidMain/kotlin/com/nuvio/app/features/streams/StreamBadgeSettingsStorage.android.kt	enhanced	upstream	fd01fe6dd7e3f042324f3e5e7e5a2bf231cc2f2bb88aad55f64ade385f974d7c
composeApp/src/androidMain/kotlin/com/nuvio/app/features/tmdb/TmdbSettingsStorage.android.kt	enhanced	upstream	6a7430968c89c12b9684f3432c8131335612c9e1180f4968c97ecd529312ba85
composeApp/src/androidMain/res/values-bn/strings.xml	official	upstream	d19acc6f0b2a1e7ec8c891304bf44f04e308887b70a3c64ea5fe2037eb9b456b
composeApp/src/androidMain/res/xml/locale_config.xml	official	upstream	316a0a46b96fcec699f8078bf4789d48a3fa6ce529eee84bdc0b0630075a4c8f
composeApp/src/commonMain/composeResources/values-ar/strings.xml	enhanced	merged	0226568a0542c387034e049cd9a3a082f64218ce55c9d4f915bc4db42ef1971f
composeApp/src/commonMain/composeResources/values-bg/strings.xml	enhanced	merged	8e09b779940bf03f568bee33f5cd315770d92294489089eca5b450e945850e36
composeApp/src/commonMain/composeResources/values-bn/strings.xml	official	upstream	45b18c645c4ef7522a969bea75a2558e07202379f2436af93929f3f0c71ac6d2
composeApp/src/commonMain/composeResources/values-bn/strings_mdblist.xml	official	upstream	994e74f5b62a0e402a3b80c017c734ab6d8bd4f554088e6c0b5b3fc19675ae2f
composeApp/src/commonMain/composeResources/values-cs/strings.xml	enhanced	merged	35bbfa7f18284a56b8a5dc9893d9b9337ba46360ab3acde8201601bc465eb41f
composeApp/src/commonMain/composeResources/values-de/strings.xml	official	merged	0d78d48044d03b48ee3db90ada9e78a51bfdce2d4fd09e29864f3898a565ec65
composeApp/src/commonMain/composeResources/values-el/strings.xml	enhanced	reviewed-merge	910caee3fc9bb62a44dc57408056632443a626ecfba280bfa6513c207932190e
composeApp/src/commonMain/composeResources/values-es/strings.xml	enhanced	merged	5ede4ef1a5764285d734f1d1559748407a64aff180bdf16fd2fd1f7faef6ef23
composeApp/src/commonMain/composeResources/values-fr/strings.xml	enhanced	merged	f72fd51d7a5a8348681c1fb8d2dc1a3e804eb82a0ac6b7bacc6dedf8cdd315fe
composeApp/src/commonMain/composeResources/values-he/strings.xml	enhanced	upstream	8ac1a211cec9428ed69a2df78de708d2ae97218dc445172b6c7f8a1d7327d925
composeApp/src/commonMain/composeResources/values-hu/strings.xml	enhanced	merged	321e1fe05c30f0283a4f5b22193f9c02cef643e33f32ef3740a465d42daa4ca7
composeApp/src/commonMain/composeResources/values-id/strings.xml	official	merged	53f70d00b5137ef6cae9cdc22a0c9efed1f50b8af4d8024c5035ef926288966d
composeApp/src/commonMain/composeResources/values-in/strings.xml	official	merged	b130f95a05f76459f1e21da5207cf25de9f6e88440538989b91ad25ac63a4384
composeApp/src/commonMain/composeResources/values-it/strings.xml	enhanced	merged	4eaf575269e2d5f3a25ab8137bd37a88b5d8d8bb284f1130683a0c420941b1dd
composeApp/src/commonMain/composeResources/values-ja/strings.xml	enhanced	merged	00d13eab4e9cebb19c05c6e6a97b1e9ba16bd4fb4b7527385a739193d7ed6f7d
composeApp/src/commonMain/composeResources/values-nb/strings.xml	enhanced	reviewed-merge	62b0f13ce55ad6dde8ef3e71cc8ab33b3cdfd5e93bb57fcc0414928c7a20a4d1
composeApp/src/commonMain/composeResources/values-nl/strings.xml	enhanced	merged	d5a187f3ebe6ccec84c2d7c33afb95614f3e81be6219e51e109c96b8a8ad9e14
composeApp/src/commonMain/composeResources/values-pl/strings.xml	enhanced	merged	a11146278137bcb9784c266634252f819141b55e36a11a10cb2005c7f59624c0
composeApp/src/commonMain/composeResources/values-pt-rBR/strings.xml	official	merged	ae399df008e4f8f3c22e23d89f0f0197461cf67348c431b724c8e4187fd1fac6
composeApp/src/commonMain/composeResources/values-pt/strings.xml	enhanced	merged	08d9139457dd5c9bd53b360b3902f04373f88e4a91a33c1324b885886f69663f
composeApp/src/commonMain/composeResources/values-ro/strings.xml	enhanced	merged	e799d0770efaea7ceea88e18d686df08d3defe39ea0b0f0e31c9d796f700f928
composeApp/src/commonMain/composeResources/values-ru/strings.xml	enhanced	merged	1e9ef1fc86b5aeabc47bcd8f4d6f298029520a2ced100fc10b390e3015aa2651
composeApp/src/commonMain/composeResources/values-sk/strings.xml	enhanced	merged	1e9c5f73ba03c873f7ea8acb46377d1b26ec8fdef20a5518b4d9ae79974eda53
composeApp/src/commonMain/composeResources/values-tr/strings.xml	enhanced	merged	7c90281b1929581144ca6ceee84f5fdd869f95f611da96a63abc2a9fca7f0030
composeApp/src/commonMain/composeResources/values-ur/strings.xml	enhanced	upstream	56c9407eb8df263051663186f090bb121637bcb3e53c34f89aaa74a4eacc9993
composeApp/src/commonMain/composeResources/values-ur/strings_mdblist.xml	official	upstream	67f9333a7feab8a9daa3ce3aa69e77a6429940d0130d09faa9e76b85e53f1d38
composeApp/src/commonMain/composeResources/values-vi/strings.xml	enhanced	upstream	e86d6225e262e02dc33180faad30a39d75d65b2a4d488b30fe1a73964ce53319
composeApp/src/commonMain/composeResources/values/profile_insights.xml	enhanced	upstream	354cf421755f3b9f57af2225e70bf351fa0662273fd2344e5a13569f19d61b4f
composeApp/src/commonMain/composeResources/values/strings.xml	enhanced	reviewed-merge	179952ded2a4217183d9e04e30664d4e54fe41a74c3f70715ce37d4c35f0de88
composeApp/src/commonMain/composeResources/values/strings_mdblist.xml	official	upstream	4b838b02cb22f33d9f29db14e39d16530b594dd431f24b501e831ad75fa863f4
composeApp/src/commonMain/kotlin/com/nuvio/app/App.kt	official	upstream	c719153521ea9b4cd8ef5431f62b610d2b9405de2b701a349c574d2adf782812
composeApp/src/commonMain/kotlin/com/nuvio/app/AppNavigationSupport.kt	enhanced	merged	2eb9408be29ed16d4faf05bd5ed35f07f223b38338d83978faa4c1e13c23c8f2
composeApp/src/commonMain/kotlin/com/nuvio/app/AppShellComponents.kt	enhanced	merged	749b39d28850f0775d0dd25575b2e0612136e69d19a4f27b0fce064b7837969d
composeApp/src/commonMain/kotlin/com/nuvio/app/DetailsDestinations.kt	enhanced	upstream	0523062f1513b7b6cb1fce38c219d0bf86246c1c45017238dbb48c54a05d108d
composeApp/src/commonMain/kotlin/com/nuvio/app/DownloadsDestinations.kt	official	upstream	63fcbe3fc9358fb604c68e4b6b453c90677b8ff42dd0abb772ee4bdb6945aa54
composeApp/src/commonMain/kotlin/com/nuvio/app/MainAppContent.kt	enhanced	merged	31458bd12b965d093138a151e48025dde0510ac081be23ec3fcf4b48970647db
composeApp/src/commonMain/kotlin/com/nuvio/app/MainTabsDestination.kt	enhanced	upstream	7e3a74b7ef1022e0ba2c227d1df5281f46cb3677970bcf1deea251a1d768a3ba
composeApp/src/commonMain/kotlin/com/nuvio/app/PlayerDestination.kt	enhanced	upstream	057f4ec67d98a56a71d72e8aa8d25d87d65b6486bff6e68d9f5c7b592214c920
composeApp/src/commonMain/kotlin/com/nuvio/app/SettingsDestinations.kt	enhanced	upstream	943707c565a225598ea3246dec6df3a78506b1ff38767ae5a9c3484b1d02df07
composeApp/src/commonMain/kotlin/com/nuvio/app/StreamDestination.kt	enhanced	upstream	0a47a2df2b44a0e84afcbee22bbf1f8728559e03cd7ee127510b1b85500eeca5
composeApp/src/commonMain/kotlin/com/nuvio/app/core/deeplink/AppUrlBridge.kt	official	upstream	67849f930ff6d966c92cc1debad56ec6a3f3d0c6c7f2db016517f5848aa2df16
composeApp/src/commonMain/kotlin/com/nuvio/app/core/format/LocalDateTimeDisplay.kt	official	upstream	c5a59a1f6a18b5a932e7419d2683497bef057f334b2d099889597b6c561f9ac0
composeApp/src/commonMain/kotlin/com/nuvio/app/core/format/ReleaseDateDisplay.kt	enhanced	upstream	9930e2a6d7aaefad4761aa9eb462b8adc3585d16bbe03ac5372cc367e7c97d3a
composeApp/src/commonMain/kotlin/com/nuvio/app/core/i18n/LocalizedUiText.kt	enhanced	upstream	1f8daf0e1918f0b5459278af546fea2cd4bf85e50430d3f4a04dac09e6b6bcf2
composeApp/src/commonMain/kotlin/com/nuvio/app/core/i18n/MediaStatusLabel.kt	official	upstream	1aa327f9073fb24c26158d228ba1a634e7903c372cc3c5c88ef69e93c285ffa4
composeApp/src/commonMain/kotlin/com/nuvio/app/core/poster/CustomPosterFallbackInterceptor.kt	official	upstream	6c03d34ff1206b3a10c08c7a3e9672ef45501608dd18e5ada06afd00fba6f51f
composeApp/src/commonMain/kotlin/com/nuvio/app/core/poster/CustomPosterOverlay.kt	official	upstream	458fcd67585959953e5e8351662bd357f5f754ffed65c47f0815b1c147c4815e
composeApp/src/commonMain/kotlin/com/nuvio/app/core/poster/CustomPosterScreen.kt	official	upstream	f5aa7cc5813d63607fa6a7d1721f835c10b5c92fbc825277f9d255ef12d7f0d0
composeApp/src/commonMain/kotlin/com/nuvio/app/core/poster/CustomPosterUrlRepository.kt	official	upstream	361e02deb11929142dd8527699050652cbcac0d3672cba5ede3dd1e08e10bd23
composeApp/src/commonMain/kotlin/com/nuvio/app/core/poster/CustomPosterUrlResolver.kt	official	upstream	cb16a44da42bf41e0ea73e4d59072a43fbe2b1af99b981b575a046d4fdfa0b74
composeApp/src/commonMain/kotlin/com/nuvio/app/core/poster/CustomPosterUrlStorage.kt	official	upstream	072511ebea1f968152e3e47d5f04508813f813064ff833d822463df94b25ec4d
composeApp/src/commonMain/kotlin/com/nuvio/app/core/storage/LocalAccountDataCleaner.kt	official	upstream	9cc40160e9282e040f99173bbcdbdfbe8956c78750ffaa3c55fa14993a37fb7a
composeApp/src/commonMain/kotlin/com/nuvio/app/core/sync/ProfileSettingsSync.kt	enhanced	upstream	44f63b7c7637ec8d337e1e1c5480f037e68f5d28f1037cf0f31d944fabcb8506
composeApp/src/commonMain/kotlin/com/nuvio/app/core/tracking/TrackingProviderBootstrap.kt	enhanced	upstream	58daff7a3a8b826fc4c806020d886b254315007f4a0a69cf4354e4d58a1befca
composeApp/src/commonMain/kotlin/com/nuvio/app/core/ui/BottomSheet.kt	official	upstream	5d0c260484227cb5034b5ecaccf2d490455ee8675f240846051eb50b418c6123
composeApp/src/commonMain/kotlin/com/nuvio/app/core/ui/Chip.kt	official	upstream	1ac16a6adc64817af3e840d1df77c57bf63046892245a37977b596741a45fa86
composeApp/src/commonMain/kotlin/com/nuvio/app/core/ui/Components.kt	enhanced	upstream	54215688ae75be3e43c2c6d48d98f6125dafc2b104e0899d220183aced4870c9
composeApp/src/commonMain/kotlin/com/nuvio/app/core/ui/ContinueWatchingActionSheet.kt	official	upstream	a982ac2caca892a72bcc9658ab20aca10f19e37b848cdc7355c56eee43557cb2
composeApp/src/commonMain/kotlin/com/nuvio/app/core/ui/CustomThemePalette.kt	official	upstream	e1d57877ab9e1d5a6e67dfe4a8409cd5f525e4c22e2464fe14c4ec65df892135
composeApp/src/commonMain/kotlin/com/nuvio/app/core/ui/Dialog.kt	official	upstream	4568ed86117c68dc02bc1e0cf4b6dff341a782c5b774ecdddd47d377f7b72a25
composeApp/src/commonMain/kotlin/com/nuvio/app/core/ui/DropdownChip.kt	official	upstream	f0711de9548dba658008f43afa76a2b989f8849afead8648483dfb8ce25681ea
composeApp/src/commonMain/kotlin/com/nuvio/app/core/ui/FloatingNavigationBar.kt	enhanced	upstream	896ceda6ab74a63eabd0d35406dcd535c7b9603d7b215cf8638860079e1bba6c
composeApp/src/commonMain/kotlin/com/nuvio/app/core/ui/Gradients.kt	official	upstream	0f318b93fbe08c22edf49b09cf8278aed383b53d3328185cd196a96257d63a23
composeApp/src/commonMain/kotlin/com/nuvio/app/core/ui/LoadingIndicator.kt	official	upstream	468b1dfd8b285ee754809574eb79523bc1fd7f989015d575b073ee192025e22a
composeApp/src/commonMain/kotlin/com/nuvio/app/core/ui/Menu.kt	official	upstream	82c89a6726d4c5745784a2f8c2e93b36e6485654834b5508e9a6acadf6685bf5
composeApp/src/commonMain/kotlin/com/nuvio/app/core/ui/NativeTabBridge.kt	enhanced	upstream	0e1bfdb9a62f53b2d6e5fe0d986e82c33b00d17e0234ad9e3ce5fe4469fe1ffa
composeApp/src/commonMain/kotlin/com/nuvio/app/core/ui/PlatformImageLoader.kt	official	upstream	df91f88b264b97c4330ec316432d4268bb0c02391745b57d7348012e42baa35e
composeApp/src/commonMain/kotlin/com/nuvio/app/core/ui/PlatformInsets.kt	official	upstream	d12c8ab0fd5a80363b7c694e20ec963bf6e3d636cc496644ff6e1291670a9986
composeApp/src/commonMain/kotlin/com/nuvio/app/core/ui/PosterCardStyleRepository.kt	official	upstream	3044ba5515a88abe2c40acdc13320dd66785bce66fb36f3a205fcca71ba017c4
composeApp/src/commonMain/kotlin/com/nuvio/app/core/ui/ShelfComponents.kt	enhanced	upstream	11906312df7a6b71195189dc06b4614c0cbf462e949656d1e8aebd67a0c41a14
composeApp/src/commonMain/kotlin/com/nuvio/app/core/ui/Shimmer.kt	official	upstream	6c38f24f6583e79161cf4fc900054cb63c6d097c745eb9596822f82d9cf0557b
composeApp/src/commonMain/kotlin/com/nuvio/app/core/ui/Theme.kt	official	upstream	8210a93359f6dc9e73317e64a3327637bbc9d87321d61af5b3618f6d81488972
composeApp/src/commonMain/kotlin/com/nuvio/app/core/ui/ThemeAccent.kt	enhanced	upstream	a585521213588914e820630680ba79139d3a25d97a6ada3f50508a8a7d37830e
composeApp/src/commonMain/kotlin/com/nuvio/app/core/ui/ThemeColors.kt	official	upstream	46a03ae2e98fcc9e121f994291ff5a8c8c5a1250d7fe60b329832474f09946d3
composeApp/src/commonMain/kotlin/com/nuvio/app/core/ui/Tokens.kt	official	upstream	4ac6ba0796bae3fa8f06b6c2b413d7ce574c83618d6be04199a7b9268d700f83
composeApp/src/commonMain/kotlin/com/nuvio/app/core/ui/TrackingListPickerDialog.kt	official	upstream	296d47036e7257d2773c715778683d2ba0043cde209ea75e7021f0d27a5725ba
composeApp/src/commonMain/kotlin/com/nuvio/app/core/ui/glass/GlassBarSurface.kt	enhanced	upstream	d9e019f1d8f92f58ebc6188e372b00b6a654af6bd4ff721530d5ec76e5bf1ff6
composeApp/src/commonMain/kotlin/com/nuvio/app/core/ui/jelly/JellyDrawing.kt	enhanced	upstream	5d6d761bdd0211fbb1a650e8f52317155b1a82df9da13f302bffc244b9a0ba95
composeApp/src/commonMain/kotlin/com/nuvio/app/core/ui/jelly/JellyMotion.kt	enhanced	upstream	288ed14b1847c9f7e6915b2cd1ca66fa631cff9d183e69363b9c32aecd80ecd7
composeApp/src/commonMain/kotlin/com/nuvio/app/core/ui/jelly/JellySpring.kt	enhanced	upstream	ad7f2f4346fd096dd7fb9e0ea0d4748d6894077db272e3bfabf80c1b68b93682
composeApp/src/commonMain/kotlin/com/nuvio/app/core/ui/jelly/JellyTabs.kt	enhanced	upstream	ef8152f44c40f08dfbbcd1567c0691673b2d9766b67725e8f80dc5526326adfd
composeApp/src/commonMain/kotlin/com/nuvio/app/features/addons/AddonPlatform.kt	official	upstream	0cf3f407e8c6d0860647c10bfb551de03c4c96fc6aaef050bd497e7a5fdd8751
composeApp/src/commonMain/kotlin/com/nuvio/app/features/addons/AddonsScreen.kt	official	upstream	133949ec92a7916a20d6fc1420526dba8fae3f60ee7c072d6d76f9bb470f7874
composeApp/src/commonMain/kotlin/com/nuvio/app/features/auth/AuthScreen.kt	enhanced	merged	ba9081bc0ceb3c8d0329b72fdbb86071e847009a61f2bde17e26b2c101f05a31
composeApp/src/commonMain/kotlin/com/nuvio/app/features/auth/ServerConnectionDialogs.kt	official	upstream	f05676aee42d22267723988c1d9e113c76438319bb9d9c07968a3b052a7676b5
composeApp/src/commonMain/kotlin/com/nuvio/app/features/catalog/CatalogRepository.kt	enhanced	upstream	f756879b63af7fa804cf51dd09ce89a1d36ceb71c987c1de07b11eacbafbc0b5
composeApp/src/commonMain/kotlin/com/nuvio/app/features/catalog/CatalogScreen.kt	official	upstream	0d866e30b8ab86723d089fa8570edd7ba055b1bdf61754eaf7bf2648e694ef27
composeApp/src/commonMain/kotlin/com/nuvio/app/features/catalog/LibraryCatalogState.kt	official	upstream	da411bbb406c936e09e614bc5482a5335363fa0eac343be2cc59f954fd357930
composeApp/src/commonMain/kotlin/com/nuvio/app/features/collection/CollectionEditorScreen.kt	official	upstream	85686cc556788624a4b8a535f427653fdc00512e873d0db5d1d8428ca13699b2
composeApp/src/commonMain/kotlin/com/nuvio/app/features/collection/CollectionManagementScreen.kt	official	upstream	d40ca831b7b272725b04e1590826b61a25c3f16a2f059df3504b56d81e3f76d1
composeApp/src/commonMain/kotlin/com/nuvio/app/features/collection/FolderDetailRepository.kt	official	upstream	e575c76bd33ae9eb5ec8c6f5f1ab8ab589f879568b8bc66087722de351c92676
composeApp/src/commonMain/kotlin/com/nuvio/app/features/collection/FolderDetailScreen.kt	official	upstream	2e38fd307a158408cb88ad1c76468352cd0ab8f5e68ea97169b826f99ea6be74
composeApp/src/commonMain/kotlin/com/nuvio/app/features/debrid/DebridFileSelectors.kt	official	upstream	085ed9e9e63a0d755127985e58979224004eac7f64dcdd5bd2ffd3ca3ed8c3f5
composeApp/src/commonMain/kotlin/com/nuvio/app/features/debrid/DirectDebridResolver.kt	official	upstream	ab7169d5ab06548bfec0279d59709954a30492be137a67d4dbb565bbe072bb55
composeApp/src/commonMain/kotlin/com/nuvio/app/features/details/EpisodeRatingsVisibility.kt	official	upstream	5dbcd4736af66cd1abab50fbc2b94ce9be48e3ff746670513cda75c9e4682f28
composeApp/src/commonMain/kotlin/com/nuvio/app/features/details/HeroTrailerAudioState.kt	enhanced	upstream	e80dcb9fcff82b0b8ad30835080dfa913ae1bc0be5a81358c95875692aed6ff5
composeApp/src/commonMain/kotlin/com/nuvio/app/features/details/MetaDetailsModels.kt	enhanced	upstream	0d4e2e8601f6e2d0fc4d248db0d981f5669c4545f6442c980695ce18372a0354
composeApp/src/commonMain/kotlin/com/nuvio/app/features/details/MetaDetailsParser.kt	official	upstream	a48d1cc13dc5e6b51dae4950e9ea419b9e580766feb4f2f2142acb7c82db68eb
composeApp/src/commonMain/kotlin/com/nuvio/app/features/details/MetaDetailsRepository.kt	enhanced	upstream	3845ac8dd7449d8685300efa2f9abc7b1d96bfe93db087f2af521369e0d91657
composeApp/src/commonMain/kotlin/com/nuvio/app/features/details/MetaDetailsScreen.kt	enhanced	upstream	ff47341d7ba85bb44d66cfff9c7e13cee9c6f48d2b2b719a5d630254dfa6c68f
composeApp/src/commonMain/kotlin/com/nuvio/app/features/details/MetaScreenSettingsRepository.kt	enhanced	upstream	4c6aca849ec53f5e2a8e7f186900da328e7e0d85aeb5f83df8b7e00e4e2df0eb
composeApp/src/commonMain/kotlin/com/nuvio/app/features/details/PersonDetailScreen.kt	official	upstream	fd328e21d4121833ae47e8361f60c993b473f448ed21fbbc4a6088c2288df710
composeApp/src/commonMain/kotlin/com/nuvio/app/features/details/SeriesPlaybackResolver.kt	official	upstream	73f588ee598b264e1079cabf46055e95f097ae35c24632ae19f10dc2a002a28e
composeApp/src/commonMain/kotlin/com/nuvio/app/features/details/TmdbEntityBrowseScreen.kt	official	upstream	cf07390dfb5544d637ced2d966fd59fe99b0ce827b268756211bdd1be02fad40
composeApp/src/commonMain/kotlin/com/nuvio/app/features/details/components/CommentDetailSheet.kt	official	upstream	d5b86866a3ad57bed27a21f4ed649a0b77db089b624a095654bce32bfa2829ee
composeApp/src/commonMain/kotlin/com/nuvio/app/features/details/components/DetailActionButtons.kt	enhanced	upstream	773d744c00f8eb1d38f97dcf991f76b95e3d1a6f9b2a80eee15d2b28de32af52
composeApp/src/commonMain/kotlin/com/nuvio/app/features/details/components/DetailAdditionalInfoSection.kt	enhanced	upstream	cc87f1bc780249b96176452886595584c9fe1abc1f8b734e2128a6e06df38d22
composeApp/src/commonMain/kotlin/com/nuvio/app/features/details/components/DetailCommentsSection.kt	official	upstream	64b1303be3b907d4a4e9ae0c65abc1df96c1cbfc9defce3d02d0237e16fbb59f
composeApp/src/commonMain/kotlin/com/nuvio/app/features/details/components/DetailFloatingHeader.kt	enhanced	upstream	7ddd71465730623b2194cb7ce13d2724b677e3b14a336eddedc8a50fe705150f
composeApp/src/commonMain/kotlin/com/nuvio/app/features/details/components/DetailMetaInfo.kt	official	upstream	3a36652d99d957a4d6f920d18a2a45024294ffe64dc121c11758ef709c150806
composeApp/src/commonMain/kotlin/com/nuvio/app/features/details/components/DetailSeriesContent.kt	enhanced	upstream	b58f5161068a03e6bd2eeed3beeb532efe380083e3abba58bb446ac24a828e82
composeApp/src/commonMain/kotlin/com/nuvio/app/features/details/components/DetailTrailersSection.kt	official	upstream	af598d793922fec29612e0c7d3c05aecd863374792e26c0da380b38b43518155
composeApp/src/commonMain/kotlin/com/nuvio/app/features/details/components/EpisodeWatchedActionSheet.kt	enhanced	upstream	318c1b127c2886a0a9628e48b675a9b884e97f35bda72df6ad7a4025025c382b
composeApp/src/commonMain/kotlin/com/nuvio/app/features/details/components/TrailerPlayerPopup.kt	official	upstream	faf5dd670877f1b9ce6d1b41af9236b01fd518fa0420c4ea16d8b56c32a921ab
composeApp/src/commonMain/kotlin/com/nuvio/app/features/downloads/DownloadsRepository.kt	official	upstream	118701173cccff4cbe3d5f8666570641647bc8fbce27c64b3fdfa09bee871dd1
composeApp/src/commonMain/kotlin/com/nuvio/app/features/downloads/DownloadsScreen.kt	enhanced	upstream	e465f08452468419140d2ba21b7e8c527af005868802c63a0d8668247bc91c61
composeApp/src/commonMain/kotlin/com/nuvio/app/features/downloads/DownloadsSettingsRepository.kt	enhanced	upstream	c28a32834719a24d9261ce4e22f25e3289299a64d92000e84f19e372e4ebe0de
composeApp/src/commonMain/kotlin/com/nuvio/app/features/downloads/DownloadsSettingsStorage.kt	enhanced	upstream	62dcb553f2871812fd711df79c4e99ba554a4b55a5b753039b05adc24d854b33
composeApp/src/commonMain/kotlin/com/nuvio/app/features/home/HomeCatalogParser.kt	official	upstream	8d0fd3784dcb761a12b9ae71df1db74624ef6036175bae6c32c81121d2c435d4
composeApp/src/commonMain/kotlin/com/nuvio/app/features/home/HomeCatalogSettingsRepository.kt	enhanced	upstream	e2637b8e9225c5c7c66eff986deb3fbdf7129520acb8b047a8364be7b50edcab
composeApp/src/commonMain/kotlin/com/nuvio/app/features/home/HomeEpisodeShuffle.kt	official	upstream	7fb1b00a886165bc53a84beab4947d1cca4a4922ab424fbd31923c482d19df71
composeApp/src/commonMain/kotlin/com/nuvio/app/features/home/HomeModels.kt	official	upstream	583a4f9a03f068b35c7a10dacbde70e775b133c157b71adcf25ec2fc1c450d23
composeApp/src/commonMain/kotlin/com/nuvio/app/features/home/HomeRepository.kt	official	upstream	83a878c8b3fe2392e64a5bb702f218354680e7a80bc0a9e01267e4b0e7566149
composeApp/src/commonMain/kotlin/com/nuvio/app/features/home/HomeScreen.kt	enhanced	upstream	84f5f6e1d7d50a8fe68478d612152f7b5f5e4ef8750ba93faf43c4dd47d1768c
composeApp/src/commonMain/kotlin/com/nuvio/app/features/home/components/HomeContinueWatchingSection.kt	official	upstream	5ffdeeea272c44c8c1a626933cfa60d5d6ee837c2e4d49168678cd48674f90d3
composeApp/src/commonMain/kotlin/com/nuvio/app/features/home/components/HomeHeroSection.kt	enhanced	upstream	00c7dd5f3669acb0fec2679fe75f6f1f6a124a9c3618e26d2465ec6234225ca6
composeApp/src/commonMain/kotlin/com/nuvio/app/features/home/components/HomePosterCard.kt	official	upstream	d9fb714befab287da0316f913f9daf2b47c75c989f7ae848578bea78e347a25c
composeApp/src/commonMain/kotlin/com/nuvio/app/features/home/components/PosterGrid.kt	official	upstream	040b13195628dbee927324a724c7e4e5e60b07b3e27101988242ceee1ada6a16
composeApp/src/commonMain/kotlin/com/nuvio/app/features/library/LibraryDisplaySettings.kt	official	upstream	82f7de4324ee220174f023367ba12a9e3d87056dea3ea58aee5dd288ebcac520
composeApp/src/commonMain/kotlin/com/nuvio/app/features/library/LibraryDownloadsButton.kt	official	upstream	1762bc34e20b62bab0e6b134664641bee68bd0022ff1dde6f975809ca3d6e52a
composeApp/src/commonMain/kotlin/com/nuvio/app/features/library/LibraryListEditor.kt	official	upstream	c1b1eecc6c7f91ce4fa02fa1600c6aaa93cfba9f27c821748fe952c3078184b7
composeApp/src/commonMain/kotlin/com/nuvio/app/features/library/LibraryListManagementButton.kt	official	upstream	8b03def4e914200e8c5f59acf3206bf89b2f8452f8ae2ab0f1009035c86811b6
composeApp/src/commonMain/kotlin/com/nuvio/app/features/library/LibraryListManagementController.kt	official	upstream	d5be1b5a53e383e877e5595e2a0cd6492e159037067e8bcc0181a6b68f4dc972
composeApp/src/commonMain/kotlin/com/nuvio/app/features/library/LibraryListManagementDialog.kt	official	upstream	feac7ade885876eb8db566879e78b4fc211cd2f61ac1568020d7ba851d68e110
composeApp/src/commonMain/kotlin/com/nuvio/app/features/library/LibraryListRows.kt	official	upstream	54678b81d2143d4a862287924d8cb3e99bd590a6b68a87a7e3d9c56bc0ef1f28
composeApp/src/commonMain/kotlin/com/nuvio/app/features/library/LibraryModels.kt	official	upstream	d85890e757bc9539dc9be299d4911fee67169a8229a2ea60e9a948091d010151
composeApp/src/commonMain/kotlin/com/nuvio/app/features/library/LibraryProviderOrders.kt	official	upstream	3fb9f7292c4ae12b848a1b41fba7efbfa54c30a14668c3fa5ed6213b4de014f5
composeApp/src/commonMain/kotlin/com/nuvio/app/features/library/LibraryReleaseScheduleStorage.kt	enhanced	upstream	ff147c24fb37c7471fa411e95b68ccc2c74b86a06bd156f2a5f482d11afb08e3
composeApp/src/commonMain/kotlin/com/nuvio/app/features/library/LibraryRepository.kt	official	upstream	9bab822ae5e9550ec942ddcf03f1e381742fb4c6dbd5e8efd2a0523661ec0dc6
composeApp/src/commonMain/kotlin/com/nuvio/app/features/library/LibraryScreen.kt	enhanced	upstream	32403bc2dd3ed4aac6bf13f93db7c045fdbcb208f9c515e2ea13abebf7bc8b58
composeApp/src/commonMain/kotlin/com/nuvio/app/features/library/LibrarySortEffect.kt	official	upstream	74cde4ff85387e7bd3ef639b6764bc349cb290df8c4a6ef815f125c652f3265b
composeApp/src/commonMain/kotlin/com/nuvio/app/features/library/TrackingMembershipRemovalConfirmation.kt	official	upstream	b417de2cf57d1dc0a3da94a1943de7240a099128592472137350eabf54ce51e9
composeApp/src/commonMain/kotlin/com/nuvio/app/features/livetv/LiveTvScreen.kt	enhanced	upstream	c6e4d124d9fe83adadf50e438993f560b586102d0a095859954b4aeb9ab10db6
composeApp/src/commonMain/kotlin/com/nuvio/app/features/mdblist/MdbListAccountController.kt	official	upstream	f14c64ef4160c81ba8ce47134b0e0f9953fee79f807f897464e12d972d2b267f
composeApp/src/commonMain/kotlin/com/nuvio/app/features/mdblist/MdbListApiClient.kt	official	upstream	026746fad1f604c3c7f1e967ce5d3a9663a4c42c0e50ad1b61b527883983aab5
composeApp/src/commonMain/kotlin/com/nuvio/app/features/mdblist/MdbListAuthModels.kt	official	upstream	6a03319297abe17452c14223eb45490315a829292e15c776d4368f618cedce71
composeApp/src/commonMain/kotlin/com/nuvio/app/features/mdblist/MdbListAuthRepository.kt	official	upstream	afad08f4cf70bedb98a5fcfb8d0cf40233ac9ee4e4c8c33ad4c79d9623b2b906
composeApp/src/commonMain/kotlin/com/nuvio/app/features/mdblist/MdbListAuthStore.kt	official	upstream	0d5caf6bc43dd202f61dfb520c91113a40d83a1318ea47048fd219861afd18d0
composeApp/src/commonMain/kotlin/com/nuvio/app/features/mdblist/MdbListHistoryPayload.kt	official	upstream	d5432eb402d3580bbdd27656daea49be8c597b53b7613a3cc4fa304c0133dfa4
composeApp/src/commonMain/kotlin/com/nuvio/app/features/mdblist/MdbListHistoryService.kt	official	upstream	41c4723a2fc0c49a68ee8ce217c6afb5fdea64426965321e39a9c528381dd921
composeApp/src/commonMain/kotlin/com/nuvio/app/features/mdblist/MdbListHttpClient.kt	official	upstream	4bd17b06eac1017fb9e918ed29914d1c9054deed9caeaabee89aea8599be10a2
composeApp/src/commonMain/kotlin/com/nuvio/app/features/mdblist/MdbListHttpModels.kt	official	upstream	6f8f5d9eb70c24c5c7f76008fed34343117aea9931a3c4b0bc11cc5ec899d866
composeApp/src/commonMain/kotlin/com/nuvio/app/features/mdblist/MdbListLibraryDecoder.kt	official	upstream	74771b999a14c1c4f1280965fb479328c5e6b4f1a68958cabeb8a595fc9f51b9
composeApp/src/commonMain/kotlin/com/nuvio/app/features/mdblist/MdbListLibraryModels.kt	official	upstream	c5e8874b0916a1067f91012219c19bd182e737859188caf6705137ffaa796c36
composeApp/src/commonMain/kotlin/com/nuvio/app/features/mdblist/MdbListLibraryMutation.kt	official	upstream	a7d7cee4cc5e404fcfe69f6de82160119066c586444d7ecef92f807a3bf274c4
composeApp/src/commonMain/kotlin/com/nuvio/app/features/mdblist/MdbListLibraryProjection.kt	official	upstream	101cfbba93507e8ce00762d37f0d9371ec3ffb4494259ca66cb72640c505dc21
composeApp/src/commonMain/kotlin/com/nuvio/app/features/mdblist/MdbListLibraryRemote.kt	official	upstream	e798f5c6a01d7ec3287da10c60699543964b9c5f8df9a69c2f2e73e3c282e19a
composeApp/src/commonMain/kotlin/com/nuvio/app/features/mdblist/MdbListLibraryService.kt	official	upstream	ff8c5bced1473777713fc789d8fc1259cb986578cb627303b53428ed3c036af3
composeApp/src/commonMain/kotlin/com/nuvio/app/features/mdblist/MdbListLibrarySorter.kt	official	upstream	ba5dcca8abde76d701960a5521788dfd5b9084a88e52770c1b40de7c4fb369ef
composeApp/src/commonMain/kotlin/com/nuvio/app/features/mdblist/MdbListLibraryWriter.kt	official	upstream	2b47b3e1266f407199f7211c3b92c7d644725ceed78ef832fa581a2d9773f35c
composeApp/src/commonMain/kotlin/com/nuvio/app/features/mdblist/MdbListMediaIndex.kt	official	upstream	ee7aa0abcdda46bd8b97a2509b0b9e5dc49b1100347efa7d765a6f57a8ee8524
composeApp/src/commonMain/kotlin/com/nuvio/app/features/mdblist/MdbListMessages.kt	official	upstream	6a27b05466985b1e27a2e4bc9880be514fb6ed8a8e72f4dee9e0e4ace6f75d5c
composeApp/src/commonMain/kotlin/com/nuvio/app/features/mdblist/MdbListMetadataService.kt	enhanced	upstream	04ecaabcd1e3fe3243eda7431a7b5f4579fc89560b9a5dd4eae653552e7b7393
composeApp/src/commonMain/kotlin/com/nuvio/app/features/mdblist/MdbListMutationTarget.kt	official	upstream	b8784efd6a46e176744563169cbc45cb523cffaba297cb0548f887e1faaf9d74
composeApp/src/commonMain/kotlin/com/nuvio/app/features/mdblist/MdbListNetworkEngine.kt	official	upstream	699b859fcc0efb15d9d509dfe75f7a28ccbf5797507170cdca1ecb548e4c2a05
composeApp/src/commonMain/kotlin/com/nuvio/app/features/mdblist/MdbListPlatform.kt	official	upstream	27379c134daf9839721cef81bcba46c02cad27a285cfba7490d02e92e8437909
composeApp/src/commonMain/kotlin/com/nuvio/app/features/mdblist/MdbListProgressProjection.kt	official	upstream	d0726f1e0750c9ec34dcc535dde6f1309ff8a9a033a31eafd01b7db44e0ab376
composeApp/src/commonMain/kotlin/com/nuvio/app/features/mdblist/MdbListRatingsClient.kt	official	upstream	b5767cae0c59351d2cdc44b125cf37a2ebac561756e66436e1c23014d476347b
composeApp/src/commonMain/kotlin/com/nuvio/app/features/mdblist/MdbListRatingsDecoder.kt	official	upstream	281b01d1176eee87510353fb39418a88202c46ee58ac74ef011d5bd947afd82c
composeApp/src/commonMain/kotlin/com/nuvio/app/features/mdblist/MdbListRatingsProvider.kt	enhanced	upstream	517fa33c69fd1ba043e0a1826b66daeaa74d8050eca3c68203654585679ad649
composeApp/src/commonMain/kotlin/com/nuvio/app/features/mdblist/MdbListRatingsRepository.kt	official	upstream	ab662f86aae264944348b380cfea54cccb7fc7057e8d0de7d9cf007924e051b9
composeApp/src/commonMain/kotlin/com/nuvio/app/features/mdblist/MdbListResponseValues.kt	official	upstream	df7189f65927422f6a3083f88dce1b3281066a5f5a437760a2c5662096974f84
composeApp/src/commonMain/kotlin/com/nuvio/app/features/mdblist/MdbListScrobbleReceipt.kt	official	upstream	462eb4466fc77e22b989fcbe6c03b39b566514e10d0e62212965e09f513076cf
composeApp/src/commonMain/kotlin/com/nuvio/app/features/mdblist/MdbListScrobbleService.kt	official	upstream	c9e2d459115253021b30100ecde59b6aed7ab90c3eaf086f1dfd4f8587c67848
composeApp/src/commonMain/kotlin/com/nuvio/app/features/mdblist/MdbListSettings.kt	official	upstream	f5e683479dd76457f5b6f8d89ef6c5474c36fa519852542c1bd5a4043d6f0740
composeApp/src/commonMain/kotlin/com/nuvio/app/features/mdblist/MdbListSettingsRepository.kt	official	upstream	05421f9038583d38d801a36e21cc6bb7867c828cef9ed7dfd235f82b9f7e1114
composeApp/src/commonMain/kotlin/com/nuvio/app/features/mdblist/MdbListSyncDecoders.kt	official	upstream	2b27a7044314fe76e3becad302fddb9c3ec8a6ffdbb1df29746df1ac28c9cc16
composeApp/src/commonMain/kotlin/com/nuvio/app/features/mdblist/MdbListSyncEngine.kt	official	upstream	f4ec77caa59354c4647ef4e12db9a3154e9d9edac1f090d24a41e4c9e7b35ab2
composeApp/src/commonMain/kotlin/com/nuvio/app/features/mdblist/MdbListSyncModels.kt	official	upstream	cf83c322d237b69663aa9788ef410403af095d111d964fc6add897347006ae60
composeApp/src/commonMain/kotlin/com/nuvio/app/features/mdblist/MdbListSyncRemote.kt	official	upstream	0d01a3969ab35e4154f711835721cc5abb5cca479f5c1d2e897e72c3f17d92af
composeApp/src/commonMain/kotlin/com/nuvio/app/features/mdblist/MdbListSyncRepository.kt	official	upstream	0e23373de5494645ad0d3189fbc1af745211c83f1a0f31c281c73d0d8f9a3b95
composeApp/src/commonMain/kotlin/com/nuvio/app/features/mdblist/MdbListSyncState.kt	official	upstream	7a123e36fac46196747f11a3a5bf9b4c9e157f3ee87006224648bafa6a34da94
composeApp/src/commonMain/kotlin/com/nuvio/app/features/mdblist/MdbListSyncStorage.kt	official	upstream	374e0b8110b6cc098d21988fcdbc02143e31950a9d56c0cccdac6c17ee8fbd1f
composeApp/src/commonMain/kotlin/com/nuvio/app/features/mdblist/MdbListTracker.kt	enhanced	upstream	93c51f7b6fe2b7cc49934c5f60dabd7567686d0fdca3d60223108bedb23d8d0f
composeApp/src/commonMain/kotlin/com/nuvio/app/features/mdblist/MdbListTrackingLibraryProvider.kt	official	upstream	9255761f465050256bb6e0c97e9ed7734dfc1c38f11865492ea259207f4318b3
composeApp/src/commonMain/kotlin/com/nuvio/app/features/mdblist/MdbListTrackingProgressProvider.kt	official	upstream	ddcfe1a8c4efdcd1b0b10837fd4ad5ca0b71375086c2c2ca3a0f6470171d3b33
composeApp/src/commonMain/kotlin/com/nuvio/app/features/mdblist/MdbListTrackingWrites.kt	official	upstream	64c5c3f90f5c93a36ffc5a8178ee7d302499c820725a7ac6f44dfcf4ccc9e597
composeApp/src/commonMain/kotlin/com/nuvio/app/features/mdblist/MdbListWatchedDecoder.kt	official	upstream	db58b5250ad7cf464c988aa6d2ddf6f77d8769709fa947597ef4c1c23b11913e
composeApp/src/commonMain/kotlin/com/nuvio/app/features/mdblist/MdbListWatchedSyncAdapter.kt	official	upstream	80572abeeb43ae68b6bb0283e44142c5fc66388576c08ac58f21d336273b6604
composeApp/src/commonMain/kotlin/com/nuvio/app/features/mdblist/MdbListWriteReconciliation.kt	official	upstream	1f2e19a2ffaef8b5a7a01f668fbdf84dae7a90021e6fda643313dfc12a69985f
composeApp/src/commonMain/kotlin/com/nuvio/app/features/mdblist/RottenTomatoesRating.kt	official	upstream	f8e7fadbee1add0d512422f9ca175a44f3f4dd9b376bd1ea2e8325f6addf907a
composeApp/src/commonMain/kotlin/com/nuvio/app/features/p2p/P2pConsentDialog.kt	official	upstream	75d0734dabb6aa473734b6964b609a04fd8b7c6f20cdc2a12ff6853e11bc2011
composeApp/src/commonMain/kotlin/com/nuvio/app/features/player/ExternalPlaybackProgress.kt	official	upstream	45e68023b7ff7434f71829e7d3dcefb021fa35e77ce9a738c007e9d0fd10da17
composeApp/src/commonMain/kotlin/com/nuvio/app/features/player/ExternalPlayerLauncherEffect.kt	official	upstream	9bc1c6af25633fea252ea5808d8bca286bf835ba58685808632d4e7daddadf26
composeApp/src/commonMain/kotlin/com/nuvio/app/features/player/ExternalPlayerPlatform.kt	official	upstream	901ec98f3f783ef7c82e6c16172d3868ea4fbdae2540f59deb362ba197e0ea73
composeApp/src/commonMain/kotlin/com/nuvio/app/features/player/InfusePlayback.kt	official	upstream	db03559fdef47b1e7ef430a70a5692416e7a34e13b0e21c1d88c33e29331dcd4
composeApp/src/commonMain/kotlin/com/nuvio/app/features/player/IosVideoSettingsModal.kt	official	upstream	7775630ce24305833f157f53718eef4d30f96d7ab244f5100526144b00a2866b
composeApp/src/commonMain/kotlin/com/nuvio/app/features/player/OpeningOverlay.kt	official	upstream	e02b3c4e49e913ed7e0ec498872d9345c7d7ea1fc4151f92e15e5f4998196fef
composeApp/src/commonMain/kotlin/com/nuvio/app/features/player/PlayerControlActions.kt	enhanced	upstream	01d3d2ad301dce7144127f7f53c85e384638e99ccb040a7ad342dfec24c6b7c7
composeApp/src/commonMain/kotlin/com/nuvio/app/features/player/PlayerControls.kt	enhanced	upstream	1333b100e0740271e4bdf0fe01e9010b49463b04cf4571211894686bbbeae291
composeApp/src/commonMain/kotlin/com/nuvio/app/features/player/PlayerEpisodesPanel.kt	official	upstream	c9ced14015440081f251d3d4d0a87abfd78d20040574664face81ee3ae76ea1f
composeApp/src/commonMain/kotlin/com/nuvio/app/features/player/PlayerGestureOverlay.kt	enhanced	upstream	2a768211201aa218b2d5d52764e5f971573aecfcc41a58de618b91bb00486dcd
composeApp/src/commonMain/kotlin/com/nuvio/app/features/player/PlayerLayout.kt	official	upstream	fe42a080aca0efe4e038670dfe32a6c0f17efb8258f99dcd477055d227699fd6
composeApp/src/commonMain/kotlin/com/nuvio/app/features/player/PlayerModels.kt	enhanced	upstream	277a02c80337592623dfcc1e27c2a65bb709e257ca0bd7ecfea32a43612805d1
composeApp/src/commonMain/kotlin/com/nuvio/app/features/player/PlayerNextEpisodeAutoPlay.kt	enhanced	upstream	dddf123fc0cf6c5048b36381bd0808e04deac644c664d4aee170a14d27037a10
composeApp/src/commonMain/kotlin/com/nuvio/app/features/player/PlayerOverlays.kt	official	upstream	f1fff0b47e52907988585389c5143d841ce11195c9cf91f88c625114b966815c
composeApp/src/commonMain/kotlin/com/nuvio/app/features/player/PlayerPlatformEffects.kt	official	upstream	c1bc30580dcb9ca9dc4ccbc184b3dca0f5871e2cc9edbc780e427340b78eb72e
composeApp/src/commonMain/kotlin/com/nuvio/app/features/player/PlayerPlaybackOverlays.kt	enhanced	upstream	31e65ffe8a413f8f1cf336b956192587366858c67a433d039618d8e6d5104203
composeApp/src/commonMain/kotlin/com/nuvio/app/features/player/PlayerScreen.kt	enhanced	upstream	b4e51c92500a4d518b6f9460a12172cbbbc57932114a6818475100d9ea3b3fae
composeApp/src/commonMain/kotlin/com/nuvio/app/features/player/PlayerScreenArgs.kt	enhanced	upstream	30dc22ffff1b2e2dced7a887ad5cbb19ccddd223c564f205b6f51c3f0f1265ba
composeApp/src/commonMain/kotlin/com/nuvio/app/features/player/PlayerScreenContent.kt	enhanced	upstream	fcda2b6ab7203eafafe5a066be4fc312433ec8a95f4f0f603e1bff0e5ed14d37
composeApp/src/commonMain/kotlin/com/nuvio/app/features/player/PlayerScreenModalHosts.kt	enhanced	upstream	c689916f93140988975d267ff367ecae04bdd479ae8dac8f694e8da6fe84837a
composeApp/src/commonMain/kotlin/com/nuvio/app/features/player/PlayerScreenRuntimeEffects.kt	enhanced	upstream	4a3ce28745d53d73650ccf037cf70b2dfc49f7ce1f1d1774e5eb4e53295a4617
composeApp/src/commonMain/kotlin/com/nuvio/app/features/player/PlayerScreenRuntimeGestureActions.kt	enhanced	upstream	b7cfd0b5f9a42fadb12d6e6e5ce5f84239b73e68c67d6cc925db02d89f43d280
composeApp/src/commonMain/kotlin/com/nuvio/app/features/player/PlayerScreenRuntimePlaybackActions.kt	enhanced	upstream	498ffb4ed669b10f065c9b5c7450e2df3b8ad115cc54a7a59bd01e4add413033
composeApp/src/commonMain/kotlin/com/nuvio/app/features/player/PlayerScreenRuntimeSourceActions.kt	enhanced	merged	e3dcffa9e0e764306fef09541ccea199521586a2b5e0c81e12c20b787222cef4
composeApp/src/commonMain/kotlin/com/nuvio/app/features/player/PlayerScreenRuntimeState.kt	enhanced	upstream	34f36d570967ac800a7a78d00070965afbaa57ddd20c766610a3988b111c9525
composeApp/src/commonMain/kotlin/com/nuvio/app/features/player/PlayerScreenRuntimeSubtitleActions.kt	enhanced	upstream	d489d8a477800d2729fe6747836b18321fad0aadbb2a30b553dff9753419e4cf
composeApp/src/commonMain/kotlin/com/nuvio/app/features/player/PlayerScreenRuntimeTrackActions.kt	official	upstream	556eae8620d9a77705b4e58f1c3d1124c46dc31d97c03705eb8b12894dc5a3cd
composeApp/src/commonMain/kotlin/com/nuvio/app/features/player/PlayerScreenRuntimeUi.kt	enhanced	upstream	d873a9a60e0d4f134ed2a38d0546b740842f556573526247acd5e050972d9045
composeApp/src/commonMain/kotlin/com/nuvio/app/features/player/PlayerSettingsRepository.kt	enhanced	upstream	196c5fb0b935350e98e4531c0bd35075565d08efd2b4fced34aea34ee3a3ab03
composeApp/src/commonMain/kotlin/com/nuvio/app/features/player/PlayerSettingsStorage.kt	enhanced	upstream	1f61e8a9a7ab8ca235c9d4e6bf6bbe570b05ae20acfe425cafc04a7cbddb134d
composeApp/src/commonMain/kotlin/com/nuvio/app/features/player/PlayerSidePanel.kt	official	upstream	4ade11eb9bed08ed0ac2bcaada274b95511bd3a3656b4527fa4ef9d7226004e9
composeApp/src/commonMain/kotlin/com/nuvio/app/features/player/PlayerSourcesPanel.kt	official	upstream	9c98f7bcf78f350742cd322cf0d0251255037c2a1aca7a372fcebf1be6dc4e0b
composeApp/src/commonMain/kotlin/com/nuvio/app/features/player/PlayerStreamList.kt	official	upstream	e1ae83bf83d616045ab2c45b33c2fccc62e405007edc0b92fad8a8c0d8e49d11
composeApp/src/commonMain/kotlin/com/nuvio/app/features/player/PlayerTimeline.kt	official	upstream	32800bf127f1a94dc4e21b7abb74ea24cd7c8c7375b0956e0a10a9de921796aa
composeApp/src/commonMain/kotlin/com/nuvio/app/features/player/PlayerTrackSelection.kt	official	upstream	48185ef00aae628d2010c029b0a8460a4932a52431c3ba46594e959d287f1c21
composeApp/src/commonMain/kotlin/com/nuvio/app/features/player/RandomEpisodePlaybackTracker.kt	official	upstream	removed
composeApp/src/commonMain/kotlin/com/nuvio/app/features/player/SubtitleModal.kt	enhanced	upstream	9418b3a29d6bef6e04b8d6cea6d964b75aa74e0e3806901a34a3832947504400
composeApp/src/commonMain/kotlin/com/nuvio/app/features/player/SubtitleStylePanel.kt	enhanced	upstream	72b78a7a0165aedded8a6a0817aba7599e924f92afb9f7d648820ce760f6df3a
composeApp/src/commonMain/kotlin/com/nuvio/app/features/player/SubtitleSyncByEarCard.kt	enhanced	upstream	5da1d00ff2b85f5f4b7b09a11022fbdb25dbb6fd17149e19af49c23a7026158e
composeApp/src/commonMain/kotlin/com/nuvio/app/features/player/skip/InternalSkipAction.kt	official	upstream	6d1e1d0c197dcd9479f64f9d28191533104ae47d093dc82f428f53f1e3d7300f
composeApp/src/commonMain/kotlin/com/nuvio/app/features/player/skip/MovieRecommendationCard.kt	enhanced	upstream	8c144b9e81e487dcfa0a35a40b9d1d1d314a59ea53d24cf2220c52d4d7793ee5
composeApp/src/commonMain/kotlin/com/nuvio/app/features/player/skip/PlayerNextEpisodeRules.kt	enhanced	upstream	ae7a837b2ebf5537dde0d5b81fb5e1685f02e0bc82eda42dda3bb74c44b45cdd
composeApp/src/commonMain/kotlin/com/nuvio/app/features/player/skip/SimklIdResolver.kt	official	upstream	7e729f49bb6b5a5d7c3c9e296a1b881337fc3afb6b205732ff6bddfe11a85c5f
composeApp/src/commonMain/kotlin/com/nuvio/app/features/player/skip/SubmitIntroDialog.kt	official	upstream	e37363960ebfc107237d2f9bc4c112b5f815a234088d7d8d7d47d088dad97cd3
composeApp/src/commonMain/kotlin/com/nuvio/app/features/profiles/PinEntryDialog.kt	official	upstream	24a3f4408e34e11e2563d0f26447bc0bc0dafa2b298ed85366ec321646ee61ea
composeApp/src/commonMain/kotlin/com/nuvio/app/features/profiles/ProfileEditScreen.kt	enhanced	merged	8abcbe205e2473f2feb6d8547927efa854f9e180c3fb62b4e10e831f50a2c075
composeApp/src/commonMain/kotlin/com/nuvio/app/features/profiles/ProfileRepository.kt	official	upstream	65d1d2046a93d321b79f84b9e079924209cef4a9fc212b0a1a6f441c5e83203f
composeApp/src/commonMain/kotlin/com/nuvio/app/features/profiles/ProfileSelectionScreen.kt	enhanced	merged	373237e420c9b918b67a5fd44de5ec880e0faa1dbcbe2964d49148573276da90
composeApp/src/commonMain/kotlin/com/nuvio/app/features/ratings/UserRatingSheet.kt	enhanced	upstream	dc193f1751c1e34192bd4cc231695fdd8a50c837d6077a27595ec9426a83cd79
composeApp/src/commonMain/kotlin/com/nuvio/app/features/ratings/UserRatingStars.kt	enhanced	upstream	136848f208147722daaa35064e7ee30bbd4053e820fa9794c90269d918b03781
composeApp/src/commonMain/kotlin/com/nuvio/app/features/ratings/UserRatingTargets.kt	enhanced	upstream	bebac2e5eb50292ab6fca3aa97eaca7224577d3fa1cd5f904d4e3d5116a30c38
composeApp/src/commonMain/kotlin/com/nuvio/app/features/ratings/UserRatingsRepository.kt	enhanced	upstream	ef36668969ddb81e7ba112382c7752ae0eb2aa85ff6f664fc03e4ea8b07d2488
composeApp/src/commonMain/kotlin/com/nuvio/app/features/ratings/UserRatingsStorage.kt	enhanced	upstream	7d22a87873b37c35a13d69d8f2c649ed56049737b91f1e98c17a9e5d334a014a
composeApp/src/commonMain/kotlin/com/nuvio/app/features/search/SearchDiscoverContent.kt	enhanced	upstream	9c0cfdfcf91c3e1e9aca1c31c3f688b6d32a6207c237b1ed5b2b9d43fc365f34
composeApp/src/commonMain/kotlin/com/nuvio/app/features/search/SearchRepository.kt	official	upstream	9ba44b5f6b85ff3ef2199c9413c35f7736d805e28576e08732932247e0e1e4e8
composeApp/src/commonMain/kotlin/com/nuvio/app/features/settings/AccountSettingsPage.kt	enhanced	upstream	ba342f3310d9edcd2e9cd3e661c058ab98891c0ed1474c95d40b8bf4c027eba4
composeApp/src/commonMain/kotlin/com/nuvio/app/features/settings/AdvancedSettingsPage.kt	enhanced	upstream	d84e0afb3e4ddf4a8b994d594cf5c815a449b78a9a224aef4666276d31f016dd
composeApp/src/commonMain/kotlin/com/nuvio/app/features/settings/AppIconPicker.kt	official	upstream	1beff7b7222003d3b3df18cefe24a7d580256355c334de32d8519cdee912747e
composeApp/src/commonMain/kotlin/com/nuvio/app/features/settings/AppLanguage.kt	official	upstream	3d3660b23e1c6bed32e368fe7f2664102c4e9f2a5e86f556007447de7e757483
composeApp/src/commonMain/kotlin/com/nuvio/app/features/settings/AppearanceSettingsPage.kt	enhanced	upstream	7e1d1727bc8f6277dfef09cf4f0ef5da13255c88f681cadedebf9bba519588b7
composeApp/src/commonMain/kotlin/com/nuvio/app/features/settings/AutoSkipSegmentSelectionDialog.kt	official	upstream	99fb22343b50d1c9d3af3c4fb13995dced705a66afc26bd232783d9b0e02248c
composeApp/src/commonMain/kotlin/com/nuvio/app/features/settings/ContinueWatchingSettingsPage.kt	official	upstream	491dd5a0de7d28157372bcf864dc0c91bf1a858d4dead7c5866c982c004cc677
composeApp/src/commonMain/kotlin/com/nuvio/app/features/settings/CustomThemeEditor.kt	official	upstream	5bab711e036fadb8b5420712837a6024e0cee87104817114e8ed2ea98df28eec
composeApp/src/commonMain/kotlin/com/nuvio/app/features/settings/CustomThemePreview.kt	official	upstream	20d2e463895889f72b53162ba2c43a0373a72b6ced98408a3b5c2494dc6ef00c
composeApp/src/commonMain/kotlin/com/nuvio/app/features/settings/DebridSettingsPage.kt	official	upstream	09161ba9aba013818dedc8ac794c53bec870559c038296de6bca148eb143c401
composeApp/src/commonMain/kotlin/com/nuvio/app/features/settings/DownloadsSettingsPage.kt	enhanced	upstream	c980c97ce741bd7d273e2ffea52d5b429c0db763c3c7b76634b94ecb580f8a4a
composeApp/src/commonMain/kotlin/com/nuvio/app/features/settings/HomescreenSettingsPage.kt	enhanced	upstream	9a03817c4baa715a476ffef3baeafb71a6eed1b207fe00ddfaff67e7f72e9c2e
composeApp/src/commonMain/kotlin/com/nuvio/app/features/settings/MdbListProviderCard.kt	official	upstream	b894510f7f25ceb46a384e56414f3a9a645a278fafcb7c24a3062db3502935ff
composeApp/src/commonMain/kotlin/com/nuvio/app/features/settings/MdbListSettingsPage.kt	official	upstream	471df04f27f98bacc4a6fb31a703c980b238003cdfd2bdf61854acde84a4f7d2
composeApp/src/commonMain/kotlin/com/nuvio/app/features/settings/MetaScreenSettingsPage.kt	enhanced	upstream	db56f7626e08e1eedfa871e2aff7fb7ef683830a779a41c91498bf390fa45dfb
composeApp/src/commonMain/kotlin/com/nuvio/app/features/settings/NavBarStyle.kt	enhanced	upstream	1e52036fdc82531aa1c24cefc0d29e8b21c0d63912bfb9cbf8d1939c4d87d403
composeApp/src/commonMain/kotlin/com/nuvio/app/features/settings/NavigationBarPreview.kt	enhanced	upstream	419da84cd1c5dcd06c196b8ca923dca6d0613a26d951c8954ff29555fcb7314c
composeApp/src/commonMain/kotlin/com/nuvio/app/features/settings/NavigationBarSettingsSheet.kt	enhanced	upstream	2e86da463a7e70db98c428466997af12cf96dd8ab042fdf69e317f64062a8338
composeApp/src/commonMain/kotlin/com/nuvio/app/features/settings/PlaybackSettingsPage.kt	enhanced	upstream	56c95f691a66b26b9807f006ee0f9abb2374ae8dfdfc7b971fd39f741a583a65
composeApp/src/commonMain/kotlin/com/nuvio/app/features/settings/PosterCustomizationSettingsPage.kt	official	upstream	cf96662c48dfccccd2e7da525ed23f1de9ca6aa4767d98c4a71a426f8df3a9c2
composeApp/src/commonMain/kotlin/com/nuvio/app/features/settings/ProfileInsightsSettingsPage.kt	enhanced	upstream	fb2d26d84d6d0abcb18e844f8a99ed6fc21c418c498ecd5a5e90c77ad35b7d0e
composeApp/src/commonMain/kotlin/com/nuvio/app/features/settings/ProfileTitleFactsStorage.kt	enhanced	upstream	8f4b55b24a4ab9a2fb4939eafcd60201b126108048e96cd014a0d46f40625c16
composeApp/src/commonMain/kotlin/com/nuvio/app/features/settings/RatingsSettings.kt	official	upstream	df6a29c11ce4481e29a117ceb59b9df455ea873761874838d8077ee9cc413939
composeApp/src/commonMain/kotlin/com/nuvio/app/features/settings/SettingsComponents.kt	enhanced	upstream	3c2e85491c9c36dfda2179ff347127264d00cfdfbff32ccaf9eee21010428614
composeApp/src/commonMain/kotlin/com/nuvio/app/features/settings/SettingsFullScreenPages.kt	enhanced	upstream	916ba831f3ac77b39e7e877afb61f1ebcb1e330eed9c64cad6e57aa5e22eb503
composeApp/src/commonMain/kotlin/com/nuvio/app/features/settings/SettingsRootPage.kt	enhanced	merged	4765837a3a4c2c22a325632b7af5557bfba35d810ca501c830518298386aaf89
composeApp/src/commonMain/kotlin/com/nuvio/app/features/settings/SettingsScreen.kt	enhanced	merged	ac6bc91f4042cfc5198a1721c2071c48d5f1ca08b9a1847b1b963a1bfba58637
composeApp/src/commonMain/kotlin/com/nuvio/app/features/settings/SettingsSearch.kt	enhanced	merged	1339ee9d9c0e83a0cb7321654c61eba71ec1494776327fe4b404ee00bbdb87cc
composeApp/src/commonMain/kotlin/com/nuvio/app/features/settings/SimklSyncInfoDialog.kt	official	upstream	cccd07aca125f6129cfeb8b957e3e08503d8e98e3e5c98f833d0464d75ceca17
composeApp/src/commonMain/kotlin/com/nuvio/app/features/settings/StreamsSettingsPage.kt	enhanced	upstream	1dbe83b31de2f15b5a19f2fff82811061292f70ffa09605a45b1ab2bc7b615cd
composeApp/src/commonMain/kotlin/com/nuvio/app/features/settings/SupportersContributorsPage.kt	enhanced	upstream	25e865b244c54ba64407656d6ebfe2f7a3b729942e73bd503930e80cf7ea56ad
composeApp/src/commonMain/kotlin/com/nuvio/app/features/settings/ThemeSettingsRepository.kt	enhanced	upstream	97d2305893cf2ceb0d53d55b251c0c8abc9ab27a6e75338cac21ddf384f3fee8
composeApp/src/commonMain/kotlin/com/nuvio/app/features/settings/ThemeSettingsStorage.kt	enhanced	upstream	d41c554b0f6e47dc95f25b24cc69bba8c5b63debf7a5d43e80b053e9a648c14a
composeApp/src/commonMain/kotlin/com/nuvio/app/features/settings/TmdbSettingsPage.kt	enhanced	upstream	28e1a7cedd723dc976392a3b9b7aa74b162950d9e4ad878fb8fd1454b23be532
composeApp/src/commonMain/kotlin/com/nuvio/app/features/settings/TrackingAdaptivePicker.kt	official	upstream	fc0eddbf7465f634cdf8accd427e28cec289ed10b6e26f6b71b60ee736cc2ecd
composeApp/src/commonMain/kotlin/com/nuvio/app/features/settings/TrackingProviderCards.kt	enhanced	upstream	ac996693546deadf11699ed1e12defda6e0660829b377e9d9bfd23fdb43a77c0
composeApp/src/commonMain/kotlin/com/nuvio/app/features/settings/TrackingSettingsPage.kt	official	upstream	b9e141d6ec966ddcef28e4fe093a30e7fe013109fbc6782d7350483c07eec989
composeApp/src/commonMain/kotlin/com/nuvio/app/features/settings/UpdateChannelSettings.kt	official	upstream	4fc971fbfe9b855dbe0b0c14ef86982a6581ed76e8cc3e8bad5f03dde4e35fdc
composeApp/src/commonMain/kotlin/com/nuvio/app/features/shuffle/EpisodeShuffle.kt	official	upstream	7d65075ab8091692bc49e63df3994eb680ae5185e7ebc78664814d52e8531edc
composeApp/src/commonMain/kotlin/com/nuvio/app/features/shuffle/EpisodeShuffleRepository.kt	official	upstream	12aa4fa429420521cf33223301fe81e592fc5a0f03d291adf530a7663b714f43
composeApp/src/commonMain/kotlin/com/nuvio/app/features/shuffle/EpisodeShuffleSheet.kt	official	upstream	7ae80b73dfb45f11c3a74702fbc739a501d2e16ddd29ac6409f4b4100781294c
composeApp/src/commonMain/kotlin/com/nuvio/app/features/shuffle/RandomEpisodePicker.kt	official	upstream	7923b3c080db82a04d344ca368d7d03b3a07819ca32775b4820ed703d66a78b3
composeApp/src/commonMain/kotlin/com/nuvio/app/features/shuffle/ShuffleBadge.kt	official	upstream	8b74189d988a0f26bf81ab37b27a1939a3193125413827d02ceb5312cdaf32a6
composeApp/src/commonMain/kotlin/com/nuvio/app/features/shuffle/ShuffleEpisodeState.kt	official	upstream	ed02e8e8b0e484c42c9f9c337dc75929deb5e0a961032d2b537f927459900e9e
composeApp/src/commonMain/kotlin/com/nuvio/app/features/simkl/SimklApplicationAdapters.kt	official	upstream	3d957e38359ba6ec4fd8387347e1608ba1179667294b6333a33dee3b062316a9
composeApp/src/commonMain/kotlin/com/nuvio/app/features/simkl/SimklAuthRepository.kt	enhanced	merged	a57d14991dfa7697a331af72e288149ebf8274ed543b1b51da81c21b47a6c517
composeApp/src/commonMain/kotlin/com/nuvio/app/features/simkl/SimklPlaybackMerge.kt	official	upstream	00032fe15e81748eb93a926baa1cb5e5347bad38f1ef3776563cea888e1fd976
composeApp/src/commonMain/kotlin/com/nuvio/app/features/simkl/SimklProjections.kt	official	upstream	c3ae6cea7847ffbaf154f338ec0ea00959cc11be843135911cc3418e0f128b13
composeApp/src/commonMain/kotlin/com/nuvio/app/features/simkl/SimklRatingsProvider.kt	enhanced	upstream	1856651e8b83d4dfafe4c5cc89eb43b5cffb14cf221183fb897dc5f08ff84310
composeApp/src/commonMain/kotlin/com/nuvio/app/features/simkl/SimklRefreshPolicy.kt	official	upstream	5d270ee35f1d9c1d56886cddd9734dfc9b66c025e701a3d6c121e2a7e4b09ad6
composeApp/src/commonMain/kotlin/com/nuvio/app/features/simkl/SimklRelatedRepository.kt	official	upstream	4800f6caa05da90d66b5f9a2bfba69c35f072cc5b4154c11d6ac15cabf85f4a3
composeApp/src/commonMain/kotlin/com/nuvio/app/features/simkl/SimklSyncEngine.kt	official	upstream	96445f0d8b1556c5307e65547f72d5d02806cb925c2bb142938575a6640fb640
composeApp/src/commonMain/kotlin/com/nuvio/app/features/streams/BadgeImageLoader.kt	official	upstream	82a518ee1240c1a836b2eab9ca348bd67f54b217187f6e69e6b5aa768833c638
composeApp/src/commonMain/kotlin/com/nuvio/app/features/streams/ProviderFilterRow.kt	enhanced	upstream	a024bd27962b2a2906d9ddf9f6c0704dace13a21aba20bbce716f671a22097bb
composeApp/src/commonMain/kotlin/com/nuvio/app/features/streams/StreamAutoPlayLoadingPolicy.kt	official	upstream	6308f8db09c764864a8edf3fdc6fa8d8e1b978edc8860f556e5dd8b24e5e142e
composeApp/src/commonMain/kotlin/com/nuvio/app/features/streams/StreamBadgeChip.kt	enhanced	upstream	6c2d9b49bc0dc5a918624980d6d572ecd1f1a95f5eedca8938a85b9b233d9161
composeApp/src/commonMain/kotlin/com/nuvio/app/features/streams/StreamBadgeSettingsRepository.kt	enhanced	upstream	b5446305a4eeb8cbc4f7b52a627c967fe822b73ea877b4ff2f22db7f46a58424
composeApp/src/commonMain/kotlin/com/nuvio/app/features/streams/StreamBadgeSettingsStorage.kt	enhanced	upstream	88e1e73e55b9430d64331f2b667c49f67e5622bb1826877a2a02586c4f5f34dd
composeApp/src/commonMain/kotlin/com/nuvio/app/features/streams/StreamCard.kt	official	upstream	0f83dbb1503dffac59db020a99a0107a34009f6a161f00a83b9e384bdfb1d298
composeApp/src/commonMain/kotlin/com/nuvio/app/features/streams/StreamLaunchStore.kt	enhanced	upstream	dc8f83d8f8a8d2776811fae22253c287e3a2ee01bfd892fbcf17416c6d6a2744
composeApp/src/commonMain/kotlin/com/nuvio/app/features/streams/StreamsScreen.kt	enhanced	upstream	cf0408d3b4ec98b9bc012c9e8c3a12cb734aefa9b98fc764a4874030f02a8fed
composeApp/src/commonMain/kotlin/com/nuvio/app/features/streams/StreamsTabletLayout.kt	enhanced	upstream	e428d4eaefb69e8cb8cc099f53adcc17eeb923fc5dd13fb42c0ed36456654798
composeApp/src/commonMain/kotlin/com/nuvio/app/features/tmdb/TmdbAgeRatings.kt	official	upstream	9daa69523e37844447600e3fc70cfc65b2a65a31ce0f3afffeea2ffd67155713
composeApp/src/commonMain/kotlin/com/nuvio/app/features/tmdb/TmdbMetadataService.kt	enhanced	upstream	335ee1bec3db363f120c83290fd4e9f367f7901a9f01bd5594f3427257f2fe42
composeApp/src/commonMain/kotlin/com/nuvio/app/features/tmdb/TmdbSettings.kt	enhanced	upstream	304949ad862ca0e4add494eb955b8e0df5fb043cb76718d628d92a2050911bec
composeApp/src/commonMain/kotlin/com/nuvio/app/features/tmdb/TmdbSettingsRepository.kt	enhanced	upstream	b2ae0544f56ae0711b72a0690a77e774c35df086891cfd4b0cd993387f9d2822
composeApp/src/commonMain/kotlin/com/nuvio/app/features/tmdb/TmdbSettingsStorage.kt	enhanced	upstream	4925b5a734e407695c1359e67c5400a5f3b6c13773b82e1c832be237ba9027e2
composeApp/src/commonMain/kotlin/com/nuvio/app/features/tracking/TrackingLibrarySorter.kt	official	upstream	30993a23595df7e8318f75d804d5a5df09d4ebffe38b6296dce394e3fb66508b
composeApp/src/commonMain/kotlin/com/nuvio/app/features/tracking/TrackingListManager.kt	official	upstream	585acc3a9f5e09c3e150278f43465f6c56c287f720defca747988401dadc5260
composeApp/src/commonMain/kotlin/com/nuvio/app/features/tracking/TrackingMedia.kt	official	upstream	932bdd5af81172893889b30e24d85d583d8ec0cadab3cd430bc9b4a795a37865
composeApp/src/commonMain/kotlin/com/nuvio/app/features/tracking/TrackingProvider.kt	enhanced	upstream	4871c591cd08866d4aa0031dfb9c83d1c55d45c6d522a4c423aab75079ebc966
composeApp/src/commonMain/kotlin/com/nuvio/app/features/tracking/TrackingRatings.kt	enhanced	upstream	f7c429ce1ccb889dda47724d89180022a39c22493c62dd139abcbd06da6f4ed2
composeApp/src/commonMain/kotlin/com/nuvio/app/features/tracking/TrackingReads.kt	official	upstream	0c236801bfb1ca06681ce30bbb90a7ffcc45c2bd127aad284952e69290530435
composeApp/src/commonMain/kotlin/com/nuvio/app/features/tracking/TrackingRefreshGate.kt	official	upstream	0b02bd2a05c199243a282d2840afb4e2265010b618ff34a3daf21c5eaab80933
composeApp/src/commonMain/kotlin/com/nuvio/app/features/tracking/TrackingSources.kt	official	upstream	d8b5cd9d8064c834d9bd1897b1ebd5bb331667c55fd3f3e03b7ac12e1e53fc2a
composeApp/src/commonMain/kotlin/com/nuvio/app/features/trailer/TrailerPlayer.kt	official	upstream	39c22e0874635c6c29be46ea22295bd13065b9704c7e1aad2e28e2c04a5df627
composeApp/src/commonMain/kotlin/com/nuvio/app/features/trakt/TraktAuthRepository.kt	enhanced	merged	5ce382bcad4d4e89903679b6920bb7c18fe67a87f65806d5672c7761c86a5ff0
composeApp/src/commonMain/kotlin/com/nuvio/app/features/trakt/TraktRatingsProvider.kt	enhanced	upstream	65caae1fb6063237a79f2fd97cc223bf1750a3fcbddb3dd4f224590a366a063c
composeApp/src/commonMain/kotlin/com/nuvio/app/features/trakt/TraktSettingsRepository.kt	official	upstream	45ee56f68d11e07cebc0101995d0ea14b4f0b1f825b10e36916c5401370b4d86
composeApp/src/commonMain/kotlin/com/nuvio/app/features/trakt/TraktTrackingProgressProvider.kt	official	upstream	89fd2e25268585bcd5187336ba57a63696448a4cc06722b21180fede5fea36ff
composeApp/src/commonMain/kotlin/com/nuvio/app/features/updater/AppUpdaterBanner.kt	official	upstream	d114e485c31d24954f23b1e54d5b3f724a19e8834b79a2190ac3e21e0becba05
composeApp/src/commonMain/kotlin/com/nuvio/app/features/watched/WatchedBadgeBulkResolver.kt	official	upstream	49ecd93cf6a0191beb6c8931d41e627b25a8d7ed5675b634a81cc36f216c3d82
composeApp/src/commonMain/kotlin/com/nuvio/app/features/watching/domain/SeriesContinuity.kt	official	upstream	163834340c41b4b77d3c0f5b8052e888500cb68d8883cce8bbddafb9517dbe81
composeApp/src/commonMain/kotlin/com/nuvio/app/features/watching/domain/WatchingPolicies.kt	official	upstream	44c6f2d5e440c954ce7b9016cfbe1f8ec9c42675e8fc488c135a586ce52ef109
composeApp/src/commonMain/kotlin/com/nuvio/app/features/watchprogress/ResumePromptRepository.kt	official	upstream	5c21f906a07795157d591c669f7be06fedb29c2cd04dbd9202d2c9069d144859
composeApp/src/commonMain/kotlin/com/nuvio/app/features/watchprogress/WatchProgressModels.kt	official	upstream	196937afb178594bbbb210ed5b6746f9f280698257308981ec129ec05083a0f4
composeApp/src/commonMain/kotlin/com/nuvio/app/navigation/Routes.kt	enhanced	merged	82eebc101b1ea9bf61024b9d9b028531048d6c4449c2c1f3e39298edba2918d8
composeApp/src/commonTest/kotlin/com/nuvio/app/core/format/ReleaseDateDisplayTest.kt	official	upstream	removed
composeApp/src/commonTest/kotlin/com/nuvio/app/core/poster/CustomPosterOverlayTest.kt	official	upstream	09763d10b507c675b561a7aeece0514fd7660086ecba57b2642c5a6af4d3642a
composeApp/src/commonTest/kotlin/com/nuvio/app/core/poster/CustomPosterUrlResolverTest.kt	official	upstream	078ad659f5e56039890de84698a1761b282fe0fbf480c197ce4f1b7f1ab8de17
composeApp/src/commonTest/kotlin/com/nuvio/app/features/catalog/LibraryCatalogStateTest.kt	official	upstream	1f1ce0530fab59ab2dca58277842c5754db863c84ad649e809eb79c62163e6a2
composeApp/src/commonTest/kotlin/com/nuvio/app/features/debrid/DebridFileSelectorReleaseTest.kt	official	upstream	464668f12fe2fda6519dbb941b290ef3e5a22d0bbcd18ebeb545ba7d24cf9ccd
composeApp/src/commonTest/kotlin/com/nuvio/app/features/debrid/DebridFileSelectorTest.kt	official	upstream	9cdae9694ec5d6eb0b76c56ff47c762f51da3f39427a556981de8abbc8a63ee3
composeApp/src/commonTest/kotlin/com/nuvio/app/features/details/MetaDetailsParserTest.kt	official	upstream	d247fecea50bb34cddd5f70ffb34cad5f361cc68f25404940cf931fc6e93313e
composeApp/src/commonTest/kotlin/com/nuvio/app/features/details/SeriesPlaybackResolverTest.kt	official	upstream	ab826e464fb3ab798a90c722c4891b0c35e50d8f6401d772d668f0a1a0feab2b
composeApp/src/commonTest/kotlin/com/nuvio/app/features/home/HomeCatalogParserTest.kt	official	upstream	5d77ac8b3c42d47b13a2651c067728a75a83f2a31911fc32e4c116606fd0951f
composeApp/src/commonTest/kotlin/com/nuvio/app/features/home/HomeScreenTest.kt	official	upstream	891c5fa73573d06091e44eae7c24419254062181bdac644d21b0d32efeb1c360
composeApp/src/commonTest/kotlin/com/nuvio/app/features/home/components/HomeHeroSectionTest.kt	official	upstream	cbd4d577605f4a12436d4c7a887325e5191a0356c37783c1c54c92ed26ee0447
composeApp/src/commonTest/kotlin/com/nuvio/app/features/library/LibraryDisplaySettingsTest.kt	official	upstream	4e03ba66e20b458926b88ef9b516aba0d124d54aa8f607bdd6e00c7c0bbd4b3f
composeApp/src/commonTest/kotlin/com/nuvio/app/features/library/LibraryListManagementControllerTest.kt	official	upstream	fe46712d6bb6af414e8471e4623527326b1e317c2b9a7f4050053a7b0dda2dba
composeApp/src/commonTest/kotlin/com/nuvio/app/features/library/LibraryProviderOrdersTest.kt	official	upstream	297ce2ece508146a58c02bfa8dc2bef548911da5af44d6f184e16514bae5bda1
composeApp/src/commonTest/kotlin/com/nuvio/app/features/mdblist/MdbListAccountControllerTest.kt	official	upstream	bffcfc78a30fe0582ef419c8b731907eab617111ccf0aee8b3686df4cab9bbec
composeApp/src/commonTest/kotlin/com/nuvio/app/features/mdblist/MdbListApiClientTest.kt	official	upstream	791785f792c961bdced1debff6265fb5929750175edee1586e93ac0d07d8a8ac
composeApp/src/commonTest/kotlin/com/nuvio/app/features/mdblist/MdbListAuthRepositoryTest.kt	official	upstream	23b80ff54ac5e6a20ffa2af88b8b07192bb69ae9cbadb3a35e325aebcbc05517
composeApp/src/commonTest/kotlin/com/nuvio/app/features/mdblist/MdbListAuthStoreTest.kt	official	upstream	512cf9e68844ef8b2cef4137cbf713cd19a9d1b95f84b37b63f3d2ddaf2eaab4
composeApp/src/commonTest/kotlin/com/nuvio/app/features/mdblist/MdbListHistoryServiceTest.kt	official	upstream	9437c560288563c28ba87dee7413f0be052f403f4b5d44f90853aa3b2e1a5503
composeApp/src/commonTest/kotlin/com/nuvio/app/features/mdblist/MdbListHttpClientTest.kt	official	upstream	9715cccb052133d3a8b4e0afb8fa3541c9f29aa8194454fc5f93ab2822a93006
composeApp/src/commonTest/kotlin/com/nuvio/app/features/mdblist/MdbListLibraryDecoderTest.kt	official	upstream	a3aa3f47ac4b83904bc665e94e33f84c0f8f84888b32ab6f17d03314b4f7adcb
composeApp/src/commonTest/kotlin/com/nuvio/app/features/mdblist/MdbListLibraryServiceTest.kt	official	upstream	305b0769a89470973efcf1ccd7e22339a6408542c32dd917993404f20d1547ab
composeApp/src/commonTest/kotlin/com/nuvio/app/features/mdblist/MdbListLibrarySorterTest.kt	official	upstream	6bdc161ac64c6446726d72d45ea7bfdf211c45f33a81e749acfae94d7716b221
composeApp/src/commonTest/kotlin/com/nuvio/app/features/mdblist/MdbListLibraryTestFixtures.kt	official	upstream	d6fb9de647fe3d2121c6ab8b3d8ae81416e15f4fa1e7b4f6fbe9bc7ac1c1cc74
composeApp/src/commonTest/kotlin/com/nuvio/app/features/mdblist/MdbListLibraryWriterTest.kt	official	upstream	30247df6f665595e1d9d3df0a2a43117f9e31a6f801d2bfd0cf963bbb7c5ae39
composeApp/src/commonTest/kotlin/com/nuvio/app/features/mdblist/MdbListMobileParityTest.kt	official	upstream	428c4d33ed2245752b8722eb3dde1d6796783baf4d02167f81ad7aab525e31db
composeApp/src/commonTest/kotlin/com/nuvio/app/features/mdblist/MdbListMutationTargetTest.kt	official	upstream	679c80ef4eb9bf7662e64c291405f30b822a6d31fcf7a9cae9a75aabc5a0f38e
composeApp/src/commonTest/kotlin/com/nuvio/app/features/mdblist/MdbListNetworkEngineTest.kt	official	upstream	1c0698c849e5bb9458758b028a2c78cfb696442b510782751440d8ff04342010
composeApp/src/commonTest/kotlin/com/nuvio/app/features/mdblist/MdbListProgressProjectionTest.kt	official	upstream	dcbf442dcac4fe7dc657fdd45d17991e066d2382c6bc799826d759b29a6c99fc
composeApp/src/commonTest/kotlin/com/nuvio/app/features/mdblist/MdbListRatingsClientTest.kt	official	upstream	b05bba99426b45e89e84f3982f172ca32839584cde799531ed50be5ecd5149fc
composeApp/src/commonTest/kotlin/com/nuvio/app/features/mdblist/MdbListRatingsDecoderTest.kt	official	upstream	452203d58cd715e7f7c90002fe0b0f885d41cf212ad5a48a1fdade14d20fb917
composeApp/src/commonTest/kotlin/com/nuvio/app/features/mdblist/MdbListRatingsRepositoryTest.kt	official	upstream	b2f78a071349b3edc9c8da049ecc9c714377c8fce5778a2705e973c180d48307
composeApp/src/commonTest/kotlin/com/nuvio/app/features/mdblist/MdbListScrobbleServiceTest.kt	official	upstream	02c234343a8a505a600b3f507db61c6bf64760d541d6f500ab94e3bbc37ab178
composeApp/src/commonTest/kotlin/com/nuvio/app/features/mdblist/MdbListSyncDecoderTest.kt	official	upstream	e0341ba1cb3e391aa6de8793c33f0fb140284b8073fa2d2f6a66c86cc1306eab
composeApp/src/commonTest/kotlin/com/nuvio/app/features/mdblist/MdbListSyncEngineTest.kt	official	upstream	5040afc9a7b44273d616eb9b2d1da55ef15b767c85ce7b18ee2a414b26d1991a
composeApp/src/commonTest/kotlin/com/nuvio/app/features/mdblist/MdbListSyncRemoteTest.kt	official	upstream	2a7a5868833cdc54452ffe2c73778238316fbfa8297f18e935ac4f734fe44a3a
composeApp/src/commonTest/kotlin/com/nuvio/app/features/mdblist/MdbListSyncRepositoryTest.kt	official	upstream	a731acd85f9c2bb9cf9bbb57eda8f68f0d985d5ac9af9214c8ca28b3df8a12eb
composeApp/src/commonTest/kotlin/com/nuvio/app/features/mdblist/MdbListSyncTestFixtures.kt	official	upstream	316fd7a0599760b9be8f4edd4706be7cff3a34001d843e21bccf51758c6a0b9d
composeApp/src/commonTest/kotlin/com/nuvio/app/features/mdblist/MdbListTestFixtures.kt	official	upstream	cce87b9d5f8137c84e7c655d6b4b847a98ad50e922c8bd9c64d0a4beed25fdd1
composeApp/src/commonTest/kotlin/com/nuvio/app/features/mdblist/MdbListTrackingAdaptersTest.kt	official	upstream	36174f7260cf6093a9b32379273275dd0059fe9b356aaced074f5485c4bf9b56
composeApp/src/commonTest/kotlin/com/nuvio/app/features/mdblist/RottenTomatoesRatingTest.kt	official	upstream	99d6b1985284772823265cfae091fae8c8d1cbba3f8a8805093fb981f76a35ca
composeApp/src/commonTest/kotlin/com/nuvio/app/features/player/InfusePlaybackTest.kt	official	upstream	35db965536c8949bb38c2e2a73acba5bbdd8eefb71389ab43fa8a7e789bd4429
composeApp/src/commonTest/kotlin/com/nuvio/app/features/player/PlayerLaunchStoreTest.kt	official	upstream	257fe57dca32a522b6965665de293a43198c7d946a7b7e4ff557f969d4039d72
composeApp/src/commonTest/kotlin/com/nuvio/app/features/player/PlayerScreenRuntimeStateTest.kt	official	upstream	d64ef2e9e10bb3db67e3c54d237246ce3593ee6f895a720afbf615cc545d10bb
composeApp/src/commonTest/kotlin/com/nuvio/app/features/shuffle/EpisodeShuffleTest.kt	official	upstream	9eaf19fba59eb214ec9d77426b6c6bfc88347e92dc05f90139586bb6f3c1005d
composeApp/src/commonTest/kotlin/com/nuvio/app/features/shuffle/RandomEpisodePickerTest.kt	official	upstream	9f6b173ddbca1917f15fd2d5be64406004bbad68c8811a5950eec973c1f750a0
composeApp/src/commonTest/kotlin/com/nuvio/app/features/shuffle/ShuffleProjectionTest.kt	official	upstream	a9a74b07b7180b774c055a80bbf914fe88b148d8177b1f2899cb79c290beceff
composeApp/src/commonTest/kotlin/com/nuvio/app/features/simkl/SimklHistoryPushGuardTest.kt	official	upstream	976d8dd6afe0fb4f68583694a2eaab85374871d6297c30fc2108c09be471137e
composeApp/src/commonTest/kotlin/com/nuvio/app/features/simkl/SimklProjectionsTest.kt	official	upstream	80946a544695b92233a4feb91438b28d4ca064eb3b3575d504ac1e051f0c5395
composeApp/src/commonTest/kotlin/com/nuvio/app/features/streams/StreamAutoPlayLoadingPolicyTest.kt	official	upstream	a306ab9f5eb6f4a18d54ff3083b81ace20f045d7f9acf8e8fe70c3ef0fe98016
composeApp/src/commonTest/kotlin/com/nuvio/app/features/tmdb/TmdbAgeRatingsTest.kt	official	upstream	191cf5ddc37f0e2a4ff81555b49e413213666804dc21eb307b5e68b126f7452e
composeApp/src/commonTest/kotlin/com/nuvio/app/features/tmdb/TmdbMetadataServiceTest.kt	enhanced	upstream	177e9cbb6f7aab5110c4ef41d2272e1a6c87e815e58f4bbe5c3a540be868ff30
composeApp/src/commonTest/kotlin/com/nuvio/app/features/watching/domain/SeriesContinuityTest.kt	official	upstream	86d0715364b4284dfaf48905a949bc8421992327c27843eb86f2861f802125d9
composeApp/src/commonTest/kotlin/com/nuvio/app/features/watchprogress/WatchProgressRulesTest.kt	official	upstream	c9a45a6b875c7d9faa0dd99a5de24891453513202fac79f42e81454feeffece5
composeApp/src/fullCommonMain/kotlin/com/nuvio/app/features/plugins/PluginSettingsDialog.kt	official	upstream	62e716a253c625afa7707c27c208196cfaddf75e950d7ba8a9b96433606331ed
composeApp/src/fullCommonMain/kotlin/com/nuvio/app/features/plugins/runtime/host/HostFunctions.kt	official	upstream	14c6605cf67cbc151c14fcfe9462df42f9a6714490bfa633c511600508c8af50
composeApp/src/fullCommonMain/kotlin/com/nuvio/app/features/plugins/runtime/js/JsBindings.kt	official	upstream	a60e4ec5e783b148ea7a5e007671c92e05eebffe45cfc5c45cf271772c3bcad3
composeApp/src/fullCommonMain/kotlin/com/nuvio/app/features/plugins/runtime/network/FetchBridge.kt	enhanced	reviewed-merge	b07827933d1b7f61797d1d53ec85aa827a42f648c9f26f095e2c51ca1a14da50
composeApp/src/iosFull/kotlin/com/nuvio/app/features/plugins/runtime/PluginRuntime.ios.kt	ios	upstream	492434209f1a00fb840c256b99bd902b1852921c308151dee29b4a566f6bc4e6
composeApp/src/iosMain/kotlin/com/nuvio/app/MainViewController.kt	ios	upstream	839ae7611330db4c38ca2b5fb63711e71d5d66844d790b790348c57ae69b0317
composeApp/src/iosMain/kotlin/com/nuvio/app/core/format/LocalDateTimeDisplay.ios.kt	ios	upstream	7d4d576eff5c21ea7d05b2407f15cb99faef4788b17f75a00735b2ea0f609e7b
composeApp/src/iosMain/kotlin/com/nuvio/app/core/format/ReleaseDateDisplay.ios.kt	ios	upstream	eb74792aa7dbafda16e0c5ef1d68057f493a12f2135ea3a1b30ffbaefd07e3ed
composeApp/src/iosMain/kotlin/com/nuvio/app/core/poster/CustomPosterUrlStorage.ios.kt	ios	upstream	4033014e7472c95b8e2c39d74724b9c37ab7906de3c8dbb5695ef81a46fa73e3
composeApp/src/iosMain/kotlin/com/nuvio/app/core/storage/PlatformLocalAccountDataCleaner.ios.kt	ios	upstream	dad5aeeb195c34ba601082a03ed2bc44b4f853150b5326cb588f6271542728f7
composeApp/src/iosMain/kotlin/com/nuvio/app/core/ui/FloatingNavigationBar.ios.kt	ios	upstream	3417f26166b2269c91d8c561a41afba72771ab37ec596ab890d57c14ed159158
composeApp/src/iosMain/kotlin/com/nuvio/app/core/ui/NativeTabBridge.ios.kt	ios	upstream	fca975a6eaf7cd53a32cf78d5a19d9ea01977895edc1e0768b2fb556519882ed
composeApp/src/iosMain/kotlin/com/nuvio/app/core/ui/PlatformImageLoader.ios.kt	ios	upstream	cea4262fa1fdd1826e49fee4219ba844c556308eeb77d31e2e696eff3190d772
composeApp/src/iosMain/kotlin/com/nuvio/app/core/ui/glass/GlassBarSurface.ios.kt	ios	upstream	06fe1f8b1311d837a0e9db74b514163270f094467384a9ec0318d0f78482ab33
composeApp/src/iosMain/kotlin/com/nuvio/app/features/addons/AddonPlatform.ios.kt	ios	upstream	17d85955cf606425f8e4cf782859781abb07a6e49d84076a70131886e53ec1e5
composeApp/src/iosMain/kotlin/com/nuvio/app/features/downloads/DownloadsPlatformDownloader.ios.kt	ios	upstream	a98824c5a28b2a582f9e049fb073d92fe2660e9d6bb6f5e925ee27c3eb49c75e
composeApp/src/iosMain/kotlin/com/nuvio/app/features/downloads/DownloadsSettingsStorage.ios.kt	ios	upstream	a5964e425f43d7d7d6cc06bd53ac59ec407870f293529cf939cf8b9e3fea3145
composeApp/src/iosMain/kotlin/com/nuvio/app/features/library/LibraryReleaseScheduleStorage.ios.kt	ios	upstream	783b782fece376598e9a587844af45c03747a091cc918d0f15f2488d71820ec2
composeApp/src/iosMain/kotlin/com/nuvio/app/features/mdblist/MdbListAuthPersistence.ios.kt	ios	upstream	0500a84481109707bc3f22bf3ae677c3196d2ed9f784badd8503d17a0b99b0c9
composeApp/src/iosMain/kotlin/com/nuvio/app/features/mdblist/MdbListHttpPlatform.ios.kt	ios	upstream	8a832b2bfbe52680cebceeb32e7f893ab4f4c5ffce13abe2cc3b581a18c84f80
composeApp/src/iosMain/kotlin/com/nuvio/app/features/mdblist/MdbListSyncStorage.ios.kt	ios	upstream	9ac923ecd4b843b9421be899ff24c56c58fcea9ee52b1c1ed4d0cdb7c6acaebf
composeApp/src/iosMain/kotlin/com/nuvio/app/features/player/ExternalPlayerLauncherEffect.ios.kt	ios	upstream	58765be77bc1cb660260724831fddb282a022c7ce3fdbb397977cf7b54aee7bd
composeApp/src/iosMain/kotlin/com/nuvio/app/features/player/ExternalPlayerPlatform.ios.kt	ios	upstream	bc21b811647b6a4b69bcfa34298878295477a319463cef17e2c77b6022b5ad1e
composeApp/src/iosMain/kotlin/com/nuvio/app/features/player/PlayerPlatformEffects.ios.kt	ios	upstream	797ffc4fb2aa6a0d5008950479d1046226b7bc6b70313b2ebaeee657b0e4bc3d
composeApp/src/iosMain/kotlin/com/nuvio/app/features/player/PlayerSettingsStorage.ios.kt	ios	upstream	f0750db14652fdf1cbb39aa2bec0d4b818c287ba10bf2229b5301296e152b7b8
composeApp/src/iosMain/kotlin/com/nuvio/app/features/ratings/UserRatingsStorage.ios.kt	ios	upstream	c95d8f5c8d31b9ef0c0d684153879273bb9972c182e363540aa4b19a79282d17
composeApp/src/iosMain/kotlin/com/nuvio/app/features/settings/ProfileTitleFactsStorage.ios.kt	ios	upstream	c042201ff784e33736b5296a653b260dfb96ee49319ed5214aa325476f195233
composeApp/src/iosMain/kotlin/com/nuvio/app/features/settings/ThemeSettingsStorage.ios.kt	ios	upstream	0591132ba4373d8d587d083be05598bc6129bc3c56f7c3c5bf0d2d3122d4775d
composeApp/src/iosMain/kotlin/com/nuvio/app/features/shuffle/EpisodeShuffleStorage.ios.kt	ios	upstream	667748cb224ad6e29aa10c49254b3ae28787bc6e15926a843b4de296cf3e8f95
composeApp/src/iosMain/kotlin/com/nuvio/app/features/streams/StreamBadgeSettingsStorage.ios.kt	ios	upstream	3b089d9efd839dde5d694b138ae4be823d5d1dceb9a473e7e198e660b1134a54
composeApp/src/iosMain/kotlin/com/nuvio/app/features/tmdb/TmdbSettingsStorage.ios.kt	ios	upstream	43d1780f36654e57c087fbdae63e3acae5443a5357870f722cdab22fa1f0756f
composeApp/src/iosTest/kotlin/com/nuvio/app/features/mdblist/MdbListPlatformPersistenceTest.kt	ios	upstream	991dd1d01c4f9ec5efffe97c40a62426c3d0eba8cd6d8015aee0f495de5ef25c
composeApp/src/iosTest/resources/keychain-test.entitlements	ios	upstream	52991443fb2d794dd738f318808669bc15fb925972c2d2232315cd36ad370f9d
gradle/libs.versions.toml	build	upstream	3c47d7dda91c9dbada39c0e0b2e4c9cc374140dcadccf5c1e3a837a1100823bf
iosApp/Configuration/Version.xcconfig	ios	upstream	56addd510b484a0823a8a7dad2f11fe596bd8bbb3efbe8023947bf84ada37046
iosApp/iosApp/ContentView.swift	ios	upstream	0c2f1eea3d65938a7ccb9c8a063e3057c5721e0679099d8088dbe887535a001a
iosApp/iosApp/DownloadsLiveActivityManager.swift	ios	upstream	bbf10fbe4aad942dd330b6c988e66decb2d15fda16076dba17e8870545e065e7
iosApp/iosApp/Info.plist	ios	upstream	b2eaa7d54ac4b394564702d0a6147c06f8ecb7122484b9865d4206fbb71f1d98
iosApp/iosApp/NuvioGlassTabBar.swift	ios	upstream	4a4bfc9a0d292996218aa281c4484ea6b0fe8fb36aa9ed650821d00c0791eee8
iosApp/iosApp/NuvioImmersiveSystemUI.swift	ios	upstream	removed
iosApp/iosApp/Player/MPVPlayerBridge.swift	ios	upstream	934ef92626196b35a0d3ba53f372685f7d268a9ec9d064576e8b6b3370e750d4
iosApp/iosApp/Player/MPVSubtitleFontResolver.swift	ios	upstream	c09bee66647f5197a6e76397952a3df713338a1fa6a4cbd9820f7b9659c83a32
iosApp/iosApp/SubtitleFonts/NotoSans-Regular.ttf	ios	upstream	b85c38ecea8a7cfb39c24e395a4007474fa5a4fc864f6ee33309eb4948d232d5
iosApp/iosApp/SubtitleFonts/OFL.txt	ios	upstream	3c05a56499a20ee045a6d36834b6a9e1108f359eede10d7c1613bc4524d01eef
iosApp/iosApp/SystemUI.swift	ios	upstream	6e7e748aedb81ee175052d67b9bf770837807087268514caeac9d1797d81301f
